post_title,ID,post_content,post_excerpt,post_date,post_name,post_author,post_status,featured_image,wp_page_template,post_format,comment_status,ping_status,pinged,post_parent,menu_order,scientific_name,long.term_trend,long.term_trend_ci,current_annual_change,current_annual_change_ci,distribution_range_size,distribution_range_size_ci_units_of_10000_sqkm,downloadlink,map_filename,map_filename_originals,graph_filename,graph_filename_originals,current_status,distribution_status,iucn_status,long_term_status,migratory_status,status_of_conservation_concern,wlpa_schedule,primary_assessment,habitat_specialization,endemicity,custom_url,long.term_trend_in,long.term_trend_ci_in,current_annual_change_in,current_annual_change_ci_in,distribution_range_size_in,distribution_range_size_ci_units_of_10000_sqkm_in,migratory_status_in,habitat_specialization_in,endemicity_in,national_trends_addn,habitat_trends_addn,state_trends_addn,full_url_2,habitats,conservation_areas,conservation_area_trends_addn,key_states,all_trends,post_category
Andaman Teal,NA,Andaman and Nicobar Islands,NA,NA,an-andtea1,amithkumar.4,publish,https://wordpress-1024190-3615983.cloudwaysapps.com/wp-content/uploads/Andaman-Teal_an_rangemap.jpg,NA,standard,closed,closed,NA,0,0,Anas albogularis,-4.23,"(-26.74,24.28)",7.77,"(1.7,13.84)",0.409,"(0.38,0.44)",NA,https://wordpress-1024190-3615983.cloudwaysapps.com/wp-content/uploads/Andaman-Teal_an_rangemap.jpg,https://wordpress-1024190-3615983.cloudwaysapps.com/wp-content/uploads/originals/Andaman-Teal_an_rangemap.jpg,,,Trend Inconclusive,Restricted,Vulnerable,Stable,Resident,Low,Schedule-I,NA,Wetland,Andaman Islands,andtea1,NA,,7.51,"(1.96,13.07)",0.409,"(0.38,0.44)",Resident,Wetland,Andaman Islands,in-andtea1,,an-andtea1,an-andtea1,X,X,pas-andtea1,Andaman and Nicobar Islands,Andaman and Nicobar Islands,Andaman and Nicobar Islands
White-winged Wood Duck,NA,Protected Areas,NA,NA,pas-whwduc1,amithkumar.4,publish,https://wordpress-1024190-3615983.cloudwaysapps.com/wp-content/uploads/White-winged-Wood-Duck_in_rangemap.jpg,NA,standard,closed,closed,NA,0,0,Asarcornis scutulata,-51.11,"(-82.57,35.27)",2.51,"(-13.26,18.27)",0.5,"(0.5,0.5)",NA,https://wordpress-1024190-3615983.cloudwaysapps.com/wp-content/uploads/White-winged-Wood-Duck_in_rangemap.jpg,https://wordpress-1024190-3615983.cloudwaysapps.com/wp-content/uploads/originals/White-winged-Wood-Duck_in_rangemap.jpg,,,Trend Inconclusive,Very Restricted,Endangered,Trend Inconclusive,Resident,High,Schedule-I,NA,Wetland,None,whwduc1,NA,,NA,,0.5,"(0.5,0.5)",Resident,Wetland,None,in-whwduc1,,"ar-whwduc1,as-whwduc1",pas-whwduc1,X,Protected Areas,pas-whwduc1,Assam,Protected Areas,Protected Areas
White-winged Wood Duck,NA,Assam,NA,NA,as-whwduc1,amithkumar.4,publish,https://wordpress-1024190-3615983.cloudwaysapps.com/wp-content/uploads/White-winged-Wood-Duck_as_rangemap.jpg,NA,standard,closed,closed,NA,0,0,Asarcornis scutulata,-56.27,"(-70.43,-36.53)",-2.39,"(-8.02,3.25)",0.389,"(0.39,0.39)",NA,https://wordpress-1024190-3615983.cloudwaysapps.com/wp-content/uploads/White-winged-Wood-Duck_as_rangemap.jpg,https://wordpress-1024190-3615983.cloudwaysapps.com/wp-content/uploads/originals/White-winged-Wood-Duck_as_rangemap.jpg,,,Trend Inconclusive,Very Restricted,Endangered,Trend Inconclusive,Resident,High,Schedule-I,NA,Wetland,None,whwduc1,NA,,NA,,0.5,"(0.5,0.5)",Resident,Wetland,None,in-whwduc1,,"ar-whwduc1,as-whwduc1",as-whwduc1,X,X,pas-whwduc1,Assam,Assam,Assam
Himalayan Monal,NA,Himachal Pradesh,NA,NA,hp-himmon1,amithkumar.4,publish,https://wordpress-1024190-3615983.cloudwaysapps.com/wp-content/uploads/Himalayan-Monal_hp_rangemap.jpg,NA,standard,closed,closed,NA,0,0,Lophophorus impejanus,-82.86,"(-87.72,-75.1)",-10.36,"(-12.33,-8.39)",2.434,"(2.41,2.46)",NA,https://wordpress-1024190-3615983.cloudwaysapps.com/wp-content/uploads/Himalayan-Monal_hp_rangemap.jpg,https://wordpress-1024190-3615983.cloudwaysapps.com/wp-content/uploads/originals/Himalayan-Monal_hp_rangemap.jpg,,,Rapid Decline,Moderate,Least Concern,Rapid Decline,Resident & Altitudinal Migrant,High,Schedule-I,NA,Forest,Himalayas,himmon1,NA,,-3.95,"(-6.25,-1.64)",6.395,"(6.36,6.43)",Resident & Altitudinal Migrant,Forest,Himalayas,in-himmon1,wdl-himmon1,"ar-himmon1,hp-himmon1,jk-himmon1,sk-himmon1,ul-himmon1",hp-himmon1,X,X,pas-himmon1,,Himachal Pradesh,Himachal Pradesh
Himalayan Monal,NA,Uttarakhand,NA,NA,ul-himmon1,amithkumar.4,publish,https://wordpress-1024190-3615983.cloudwaysapps.com/wp-content/uploads/Himalayan-Monal_ul_rangemap.jpg,NA,standard,closed,closed,NA,0,0,Lophophorus impejanus,-37.52,"(-51.31,-17.64)",0.88,"(-3.37,5.12)",2.071,"(2.06,2.09)",NA,https://wordpress-1024190-3615983.cloudwaysapps.com/wp-content/uploads/Himalayan-Monal_ul_rangemap.jpg,https://wordpress-1024190-3615983.cloudwaysapps.com/wp-content/uploads/originals/Himalayan-Monal_ul_rangemap.jpg,,,Trend Inconclusive,Moderate,Least Concern,Trend Inconclusive,Resident & Altitudinal Migrant,Low,Schedule-I,NA,Forest,Himalayas,himmon1,NA,,-3.95,"(-6.25,-1.64)",6.395,"(6.36,6.43)",Resident & Altitudinal Migrant,Forest,Himalayas,in-himmon1,wdl-himmon1,"ar-himmon1,hp-himmon1,jk-himmon1,sk-himmon1,ul-himmon1",ul-himmon1,X,X,pas-himmon1,,Uttarakhand,Uttarakhand
Koklass Pheasant,NA,Himachal Pradesh,NA,NA,hp-kokphe1,amithkumar.4,publish,https://wordpress-1024190-3615983.cloudwaysapps.com/wp-content/uploads/Koklass-Pheasant_hp_rangemap.jpg,NA,standard,closed,closed,NA,0,0,Pucrasia macrolopha,-85.06,"(-89.39,-78.47)",-3.67,"(-6.42,-0.92)",2.251,"(2.22,2.28)",NA,https://wordpress-1024190-3615983.cloudwaysapps.com/wp-content/uploads/Koklass-Pheasant_hp_rangemap.jpg,https://wordpress-1024190-3615983.cloudwaysapps.com/wp-content/uploads/originals/Koklass-Pheasant_hp_rangemap.jpg,,,Trend Inconclusive,Moderate,Least Concern,Rapid Decline,Resident,Moderate,Schedule-II,NA,Forest,None,kokphe1,NA,,NA,,5.906,"(5.86,5.95)",Resident,Forest,None,in-kokphe1,wdl-kokphe1,"ar-kokphe1,hp-kokphe1,jk-kokphe1,ul-kokphe1",hp-kokphe1,X,X,pas-kokphe1,,Himachal Pradesh,Himachal Pradesh
Koklass Pheasant,NA,Uttarakhand,NA,NA,ul-kokphe1,amithkumar.4,publish,https://wordpress-1024190-3615983.cloudwaysapps.com/wp-content/uploads/Koklass-Pheasant_ul_rangemap.jpg,NA,standard,closed,closed,NA,0,0,Pucrasia macrolopha,-8.44,"(-51.26,81.82)",3.83,"(-3.41,11.07)",2.826,"(2.8,2.85)",NA,https://wordpress-1024190-3615983.cloudwaysapps.com/wp-content/uploads/Koklass-Pheasant_ul_rangemap.jpg,https://wordpress-1024190-3615983.cloudwaysapps.com/wp-content/uploads/originals/Koklass-Pheasant_ul_rangemap.jpg,,,Trend Inconclusive,Moderate,Least Concern,Trend Inconclusive,Resident,Low,Schedule-II,NA,Forest,None,kokphe1,NA,,NA,,5.906,"(5.86,5.95)",Resident,Forest,None,in-kokphe1,wdl-kokphe1,"ar-kokphe1,hp-kokphe1,jk-kokphe1,ul-kokphe1",ul-kokphe1,X,X,pas-kokphe1,,Uttarakhand,Uttarakhand
Grey Peacock Pheasant,NA,Protected Areas,NA,NA,pas-grypep2,amithkumar.4,publish,https://wordpress-1024190-3615983.cloudwaysapps.com/wp-content/uploads/Grey-Peacock-Pheasant_in_rangemap.jpg,NA,standard,closed,closed,NA,0,0,Polyplectron bicalcaratum,58.04,"(-44.25,303.5)",10.6,"(-40.46,61.67)",2.771,"(2.72,2.82)",NA,https://wordpress-1024190-3615983.cloudwaysapps.com/wp-content/uploads/Grey-Peacock-Pheasant_in_rangemap.jpg,https://wordpress-1024190-3615983.cloudwaysapps.com/wp-content/uploads/originals/Grey-Peacock-Pheasant_in_rangemap.jpg,,,Trend Inconclusive,Restricted,Least Concern,Trend Inconclusive,Resident,Moderate,Schedule-I,NA,Forest,None,grypep2,NA,,NA,,2.771,"(2.72,2.82)",Resident,Forest,None,in-grypep2,wdl-grypep2,"ar-grypep2,as-grypep2,mn-grypep2,ml-grypep2,mz-grypep2,wb-grypep2",pas-grypep2,X,Protected Areas,pas-grypep2,,Protected Areas,Protected Areas
Grey Peacock Pheasant,NA,Arunachal Pradesh,NA,NA,ar-grypep2,amithkumar.4,publish,https://wordpress-1024190-3615983.cloudwaysapps.com/wp-content/uploads/Grey-Peacock-Pheasant_ar_rangemap.jpg,NA,standard,closed,closed,NA,0,0,Polyplectron bicalcaratum,28.39,"(-28.01,134.1)",10.76,"(-5.27,26.78)",1.498,"(1.46,1.54)",NA,https://wordpress-1024190-3615983.cloudwaysapps.com/wp-content/uploads/Grey-Peacock-Pheasant_ar_rangemap.jpg,https://wordpress-1024190-3615983.cloudwaysapps.com/wp-content/uploads/originals/Grey-Peacock-Pheasant_ar_rangemap.jpg,,,Trend Inconclusive,Restricted,Least Concern,Trend Inconclusive,Resident,Moderate,Schedule-I,NA,Forest,None,grypep2,NA,,NA,,2.771,"(2.72,2.82)",Resident,Forest,None,in-grypep2,wdl-grypep2,"ar-grypep2,as-grypep2,mn-grypep2,ml-grypep2,mz-grypep2,wb-grypep2",ar-grypep2,X,X,pas-grypep2,,Arunachal Pradesh,Arunachal Pradesh
Himalayan Snowcock,NA,Himachal Pradesh,NA,NA,hp-himsno,amithkumar.4,publish,https://wordpress-1024190-3615983.cloudwaysapps.com/wp-content/uploads/Himalayan-Snowcock_hp_rangemap.jpg,NA,standard,closed,closed,NA,0,0,Tetraogallus himalayensis,-94.02,"(-96.18,-90.9)",-4.08,"(-7.35,-0.8)",1.707,"(1.67,1.75)",NA,https://wordpress-1024190-3615983.cloudwaysapps.com/wp-content/uploads/Himalayan-Snowcock_hp_rangemap.jpg,https://wordpress-1024190-3615983.cloudwaysapps.com/wp-content/uploads/originals/Himalayan-Snowcock_hp_rangemap.jpg,,,Trend Inconclusive,Moderate,Least Concern,Trend Inconclusive,Resident & Altitudinal Migrant,Low,Schedule-II,NA,Alpine & Cold Desert,Himalayas,himsno,NA,,NA,,4.898,"(4.84,4.96)",Resident & Altitudinal Migrant,Alpine & Cold Desert,Himalayas,in-himsno,one-himsno,"hp-himsno,jk-himsno,la-himsno,ul-himsno",hp-himsno,X,X,pas-himsno,,Himachal Pradesh,Himachal Pradesh
Painted Bush Quail,NA,Tamil Nadu,NA,NA,tn-pabqua1,amithkumar.4,publish,https://wordpress-1024190-3615983.cloudwaysapps.com/wp-content/uploads/Painted-Bush-Quail_tn_rangemap.jpg,NA,standard,closed,closed,NA,0,0,Perdicula erythrorhyncha,-18.69,"(-51.17,32.22)",14.09,"(5.53,22.65)",1.208,"(1.19,1.23)",NA,https://wordpress-1024190-3615983.cloudwaysapps.com/wp-content/uploads/Painted-Bush-Quail_tn_rangemap.jpg,https://wordpress-1024190-3615983.cloudwaysapps.com/wp-content/uploads/originals/Painted-Bush-Quail_tn_rangemap.jpg,,,Trend Inconclusive,Restricted,Least Concern,Trend Inconclusive,Resident,Moderate,Schedule-II,NA,Grassland & Scrub,Mainland India,pabqua1,NA,,NA,,4.003,"(3.97,4.04)",Resident,Grassland & Scrub,Mainland India,in-pabqua1,"cpl-pabqua1,one-pabqua1","ka-pabqua1,kl-pabqua1,mh-pabqua1,tn-pabqua1",tn-pabqua1,X,X,pas-pabqua1,,Tamil Nadu,Tamil Nadu
Great Indian Bustard,NA,Open Natural Ecosystems,NA,NA,one-indbus1,amithkumar.4,publish,https://wordpress-1024190-3615983.cloudwaysapps.com/wp-content/uploads/Great-Indian-Bustard_in_rangemap.jpg,NA,standard,closed,closed,NA,0,0,Ardeotis nigriceps,-56.84,"(-69.91,-38.15)",-6.75,"(-9.75,-3.76)",2.939,"(2.87,3)",NA,https://wordpress-1024190-3615983.cloudwaysapps.com/wp-content/uploads/Great-Indian-Bustard_in_rangemap.jpg,https://wordpress-1024190-3615983.cloudwaysapps.com/wp-content/uploads/originals/Great-Indian-Bustard_in_rangemap.jpg,,,Trend Inconclusive,Restricted,Critically Endangered,Decline,Resident,High,Schedule-I,NA,Grassland,Indian Subcontinent,indbus1,NA,,-6.69,"(-10.26,-3.11)",2.939,"(2.87,3)",Resident,Grassland,Indian Subcontinent,in-indbus1,"cpl-indbus1,one-indbus1","ap-indbus1,gj-indbus1,ka-indbus1,mp-indbus1,mh-indbus1,rj-indbus1,tn-indbus1",one-indbus1,Open Natural Ecosystems,X,pas-indbus1,Rajasthan,Open Natural Ecosystems,Open Natural Ecosystems
Large Hawk Cuckoo,NA,Woodland,NA,NA,wdl-larhac2,amithkumar.4,publish,https://wordpress-1024190-3615983.cloudwaysapps.com/wp-content/uploads/Large-Hawk-Cuckoo_in_rangemap.jpg,NA,standard,closed,closed,NA,0,0,Hierococcyx sparverioides,11.25,"(-16.43,49.7)",3.46,"(-0.42,7.33)",6.448,"(6.42,6.48)",NA,https://wordpress-1024190-3615983.cloudwaysapps.com/wp-content/uploads/Large-Hawk-Cuckoo_in_rangemap.jpg,https://wordpress-1024190-3615983.cloudwaysapps.com/wp-content/uploads/originals/Large-Hawk-Cuckoo_in_rangemap.jpg,,,Trend Inconclusive,Moderate,Least Concern,Trend Inconclusive,Resident & Within-India Migrant,Low,Schedule-II,NA,Forest,None,larhac2,NA,,NA,,6.448,"(6.42,6.48)",Resident & Within-India Migrant,Forest,None,in-larhac2,wdl-larhac2,"an-larhac2,ap-larhac2,ar-larhac2,as-larhac2,ga-larhac2,hp-larhac2,ka-larhac2,kl-larhac2,mn-larhac2,ml-larhac2,mz-larhac2,nl-larhac2,or-larhac2,sk-larhac2,tn-larhac2,tr-larhac2,ul-larhac2,wb-larhac2",wdl-larhac2,Woodland,X,,,Woodland,Woodland
Indian Cuckoo,NA,Woodland,NA,NA,wdl-indcuc1,amithkumar.4,publish,https://wordpress-1024190-3615983.cloudwaysapps.com/wp-content/uploads/Indian-Cuckoo_in_rangemap.jpg,NA,standard,closed,closed,NA,0,0,Cuculus micropterus,-42.22,"(-53.83,-28.15)",-1.22,"(-3.73,1.29)",42.826,"(42.78,42.87)",NA,https://wordpress-1024190-3615983.cloudwaysapps.com/wp-content/uploads/Indian-Cuckoo_in_rangemap.jpg,https://wordpress-1024190-3615983.cloudwaysapps.com/wp-content/uploads/originals/Indian-Cuckoo_in_rangemap.jpg,,,Stable,Large,Least Concern,Decline,Summer Migrant & Localized Winter Migrant,Low,Schedule-II,NA,Forest & Plantation,None,indcuc1,NA,,NA,,42.826,"(42.78,42.87)",Summer Migrant & Localized Winter Migrant,Forest & Plantation,None,in-indcuc1,wdl-indcuc1,"an-indcuc1,ap-indcuc1,ar-indcuc1,as-indcuc1,ch-indcuc1,ct-indcuc1,ga-indcuc1,gj-indcuc1,hr-indcuc1,hp-indcuc1,jh-indcuc1,ka-indcuc1,kl-indcuc1,mp-indcuc1,mh-indcuc1,mn-indcuc1,ml-indcuc1,mz-indcuc1,nl-indcuc1,or-indcuc1,py-indcuc1,pb-indcuc1,rj-indcuc1,sk-indcuc1,tn-indcuc1,ts-indcuc1,tr-indcuc1,up-indcuc1,ul-indcuc1,wb-indcuc1",wdl-indcuc1,Woodland,X,pas-indcuc1,,Woodland,Woodland
Indian Thick-knee,NA,Delhi,NA,NA,dl-indthk1,amithkumar.4,publish,https://wordpress-1024190-3615983.cloudwaysapps.com/wp-content/uploads/Indian-Thick-knee_dl_rangemap.jpg,NA,standard,closed,closed,NA,0,0,Burhinus indicus,-9.31,"(-47.38,67.39)",-3.35,"(-7.18,0.47)",0.411,"(0.41,0.41)",NA,https://wordpress-1024190-3615983.cloudwaysapps.com/wp-content/uploads/Indian-Thick-knee_dl_rangemap.jpg,https://wordpress-1024190-3615983.cloudwaysapps.com/wp-content/uploads/originals/Indian-Thick-knee_dl_rangemap.jpg,,,Trend Inconclusive,Large,Least Concern,Trend Inconclusive,Resident,Low,Schedule-II,NA,Open Habitat,None,indthk1,NA,,NA,,97.065,"(96.99,97.14)",Resident,Open Habitat,None,in-indthk1,"cpl-indthk1,one-indthk1","ap-indthk1,ar-indthk1,as-indthk1,br-indthk1,ch-indthk1,ct-indthk1,dd-indthk1,dl-indthk1,ga-indthk1,gj-indthk1,hr-indthk1,hp-indthk1,jk-indthk1,jh-indthk1,ka-indthk1,kl-indthk1,mp-indthk1,mh-indthk1,or-indthk1,py-indthk1,pb-indthk1,rj-indthk1,tn-indthk1,ts-indthk1,up-indthk1,ul-indthk1,wb-indthk1",dl-indthk1,X,X,pas-indthk1,,Delhi,Delhi
Black-bellied Tern,NA,Rajasthan,NA,NA,rj-blbter1,amithkumar.4,publish,https://wordpress-1024190-3615983.cloudwaysapps.com/wp-content/uploads/Black-bellied-Tern_rj_rangemap.jpg,NA,standard,closed,closed,NA,0,0,Sterna acuticauda,-96.5,"(-98.05,-93.49)",-3.39,"(-10.94,4.16)",1.2,"(1.18,1.22)",NA,https://wordpress-1024190-3615983.cloudwaysapps.com/wp-content/uploads/Black-bellied-Tern_rj_rangemap.jpg,https://wordpress-1024190-3615983.cloudwaysapps.com/wp-content/uploads/originals/Black-bellied-Tern_rj_rangemap.jpg,,,Trend Inconclusive,Moderate,Endangered,Trend Inconclusive,Resident & Local Migrant,High,Schedule-I,NA,Wetland,None,blbter1,NA,,1.15,"(-2.01,4.31)",9.426,"(9.38,9.48)",Resident & Local Migrant,Wetland,None,in-blbter1,,"ap-blbter1,ar-blbter1,as-blbter1,br-blbter1,ct-blbter1,dl-blbter1,ga-blbter1,gj-blbter1,hr-blbter1,hp-blbter1,jk-blbter1,ka-blbter1,kl-blbter1,mp-blbter1,mh-blbter1,or-blbter1,py-blbter1,pb-blbter1,rj-blbter1,tn-blbter1,ts-blbter1,up-blbter1,ul-blbter1,wb-blbter1",rj-blbter1,X,X,pas-blbter1,"Andhra Pradesh, Delhi, Madhya Pradesh, Odisha, Punjab, Telangana, Uttar Pradesh",Rajasthan,Rajasthan
Indian Skimmer,NA,Rajasthan,NA,NA,rj-indski1,amithkumar.4,publish,https://wordpress-1024190-3615983.cloudwaysapps.com/wp-content/uploads/Indian-Skimmer_rj_rangemap.jpg,NA,standard,closed,closed,NA,0,0,Rynchops albicollis,-76.53,"(-87.57,-55.13)",-8.7,"(-12.15,-5.26)",1.333,"(1.31,1.36)",NA,https://wordpress-1024190-3615983.cloudwaysapps.com/wp-content/uploads/Indian-Skimmer_rj_rangemap.jpg,https://wordpress-1024190-3615983.cloudwaysapps.com/wp-content/uploads/originals/Indian-Skimmer_rj_rangemap.jpg,,,Trend Inconclusive,Restricted,Endangered,Trend Inconclusive,Resident & Within-India Migrant,High,Schedule-I,NA,Wetland,None,indski1,NA,,-4.16,"(-6.72,-1.61)",4.193,"(4.14,4.24)",Resident & Within-India Migrant,Wetland,None,in-indski1,,"ap-indski1,ct-indski1,dl-indski1,ga-indski1,gj-indski1,hr-indski1,hp-indski1,ka-indski1,mp-indski1,mh-indski1,or-indski1,py-indski1,pb-indski1,rj-indski1,tn-indski1,up-indski1,ul-indski1,wb-indski1",rj-indski1,X,X,pas-indski1,"Andhra Pradesh, Delhi, Gujarat, Madhya Pradesh, Odisha, Rajasthan, Uttar Pradesh",Rajasthan,Rajasthan
Andaman Serpent Eagle,NA,Andaman and Nicobar Islands,NA,NA,an-anseag1,amithkumar.4,publish,https://wordpress-1024190-3615983.cloudwaysapps.com/wp-content/uploads/Andaman-Serpent-Eagle_an_rangemap.jpg,NA,standard,closed,closed,NA,0,0,Spilornis elgini,-72.16,"(-78.43,-63.66)",-6.75,"(-9.26,-4.25)",0.527,"(0.53,0.53)",NA,https://wordpress-1024190-3615983.cloudwaysapps.com/wp-content/uploads/Andaman-Serpent-Eagle_an_rangemap.jpg,https://wordpress-1024190-3615983.cloudwaysapps.com/wp-content/uploads/originals/Andaman-Serpent-Eagle_an_rangemap.jpg,,,Rapid Decline,Restricted,Vulnerable,Rapid Decline,Resident,High,Schedule-I,NA,Forest,Andaman Islands,anseag1,NA,,-6.82,"(-9.14,-4.51)",0.527,"(0.53,0.53)",Resident,Forest,Andaman Islands,in-anseag1,wdl-anseag1,an-anseag1,an-anseag1,X,X,pas-anseag1,Andaman and Nicobar Islands,Andaman and Nicobar Islands,Andaman and Nicobar Islands
Rufous-necked Hornbill,NA,Protected Areas,NA,NA,pas-runhor1,amithkumar.4,publish,https://wordpress-1024190-3615983.cloudwaysapps.com/wp-content/uploads/Rufous-necked-Hornbill_in_rangemap.jpg,NA,standard,closed,closed,NA,0,0,Aceros nipalensis,-63.5,"(-83.21,-16.28)",-5.87,"(-9.27,-2.47)",1.833,"(1.81,1.86)",NA,https://wordpress-1024190-3615983.cloudwaysapps.com/wp-content/uploads/Rufous-necked-Hornbill_in_rangemap.jpg,https://wordpress-1024190-3615983.cloudwaysapps.com/wp-content/uploads/originals/Rufous-necked-Hornbill_in_rangemap.jpg,,,Trend Inconclusive,Restricted,Vulnerable,Trend Inconclusive,Resident,High,Schedule-I,NA,Forest,None,runhor1,NA,,NA,,1.833,"(1.81,1.86)",Resident,Forest,None,in-runhor1,wdl-runhor1,"ar-runhor1,as-runhor1,mn-runhor1,sk-runhor1,wb-runhor1",pas-runhor1,X,Protected Areas,pas-runhor1,"Arunachal Pradesh, Sikkim, West Bengal",Protected Areas,Protected Areas
Rufous-necked Hornbill,NA,Arunachal Pradesh,NA,NA,ar-runhor1,amithkumar.4,publish,https://wordpress-1024190-3615983.cloudwaysapps.com/wp-content/uploads/Rufous-necked-Hornbill_ar_rangemap.jpg,NA,standard,closed,closed,NA,0,0,Aceros nipalensis,-43.07,"(-79.07,42.62)",-5.16,"(-10.27,-0.04)",1.05,"(1.03,1.07)",NA,https://wordpress-1024190-3615983.cloudwaysapps.com/wp-content/uploads/Rufous-necked-Hornbill_ar_rangemap.jpg,https://wordpress-1024190-3615983.cloudwaysapps.com/wp-content/uploads/originals/Rufous-necked-Hornbill_ar_rangemap.jpg,,,Trend Inconclusive,Restricted,Vulnerable,Trend Inconclusive,Resident,High,Schedule-I,NA,Forest,None,runhor1,NA,,NA,,1.833,"(1.81,1.86)",Resident,Forest,None,in-runhor1,wdl-runhor1,"ar-runhor1,as-runhor1,mn-runhor1,sk-runhor1,wb-runhor1",ar-runhor1,X,X,pas-runhor1,"Arunachal Pradesh, Sikkim, West Bengal",Arunachal Pradesh,Arunachal Pradesh
Wreathed Hornbill,NA,Arunachal Pradesh,NA,NA,ar-wrehor1,amithkumar.4,publish,https://wordpress-1024190-3615983.cloudwaysapps.com/wp-content/uploads/Wreathed-Hornbill_ar_rangemap.jpg,NA,standard,closed,closed,NA,0,0,Rhyticeros undulatus,-60.09,"(-76.13,-35.23)",-2.8,"(-7.35,1.74)",1.523,"(1.49,1.55)",NA,https://wordpress-1024190-3615983.cloudwaysapps.com/wp-content/uploads/Wreathed-Hornbill_ar_rangemap.jpg,https://wordpress-1024190-3615983.cloudwaysapps.com/wp-content/uploads/originals/Wreathed-Hornbill_ar_rangemap.jpg,,,Trend Inconclusive,Restricted,Vulnerable,Trend Inconclusive,Resident,High,Schedule-I,NA,Forest,None,wrehor1,NA,,NA,,2.897,"(2.86,2.94)",Resident,Forest,None,in-wrehor1,wdl-wrehor1,"ar-wrehor1,as-wrehor1,mn-wrehor1,ml-wrehor1,mz-wrehor1,wb-wrehor1",ar-wrehor1,X,X,pas-wrehor1,"Arunachal Pradesh, Assam, Mizoram",Arunachal Pradesh,Arunachal Pradesh
White-browed Piculet,NA,Arunachal Pradesh,NA,NA,ar-whbpic3,amithkumar.4,publish,https://wordpress-1024190-3615983.cloudwaysapps.com/wp-content/uploads/White-browed-Piculet_ar_rangemap.jpg,NA,standard,closed,closed,NA,0,0,Sasia ochracea,-41.62,"(-86,160.72)",5.31,"(-12.4,23.01)",2.157,"(2.12,2.19)",NA,https://wordpress-1024190-3615983.cloudwaysapps.com/wp-content/uploads/White-browed-Piculet_ar_rangemap.jpg,https://wordpress-1024190-3615983.cloudwaysapps.com/wp-content/uploads/originals/White-browed-Piculet_ar_rangemap.jpg,,,Trend Inconclusive,Moderate,Least Concern,Trend Inconclusive,Resident,Low,Schedule-II,NA,Forest,None,whbpic3,NA,,NA,,8.38,"(8.31,8.45)",Resident,Forest,None,in-whbpic3,wdl-whbpic3,"ar-whbpic3,as-whbpic3,mn-whbpic3,ml-whbpic3,mz-whbpic3,nl-whbpic3,or-whbpic3,sk-whbpic3,tr-whbpic3,wb-whbpic3",ar-whbpic3,X,X,pas-whbpic3,,Arunachal Pradesh,Arunachal Pradesh
Darjeeling Woodpecker,NA,West Bengal,NA,NA,wb-darwoo1,amithkumar.4,publish,https://wordpress-1024190-3615983.cloudwaysapps.com/wp-content/uploads/Darjeeling-Woodpecker_wb_rangemap.jpg,NA,standard,closed,closed,NA,0,0,Dendrocopos darjellensis,-52.21,"(-68.42,-29.14)",-4.54,"(-8.88,-0.21)",0.416,"(0.41,0.43)",NA,https://wordpress-1024190-3615983.cloudwaysapps.com/wp-content/uploads/Darjeeling-Woodpecker_wb_rangemap.jpg,https://wordpress-1024190-3615983.cloudwaysapps.com/wp-content/uploads/originals/Darjeeling-Woodpecker_wb_rangemap.jpg,,,Trend Inconclusive,Restricted,Least Concern,Trend Inconclusive,Resident,Moderate,Schedule-II,NA,Forest,None,darwoo1,NA,,NA,,2.652,"(2.6,2.7)",Resident,Forest,None,in-darwoo1,wdl-darwoo1,"ar-darwoo1,mn-darwoo1,nl-darwoo1,sk-darwoo1,wb-darwoo1",wb-darwoo1,X,X,pas-darwoo1,,West Bengal,West Bengal
Pale-headed Woodpecker,NA,Arunachal Pradesh,NA,NA,ar-pahwoo1,amithkumar.4,publish,https://wordpress-1024190-3615983.cloudwaysapps.com/wp-content/uploads/Pale-headed-Woodpecker_ar_rangemap.jpg,NA,standard,closed,closed,NA,0,0,Gecinulus grantia,-62.62,"(-77.99,-35.42)",-2.94,"(-8.27,2.38)",1.257,"(1.22,1.3)",NA,https://wordpress-1024190-3615983.cloudwaysapps.com/wp-content/uploads/Pale-headed-Woodpecker_ar_rangemap.jpg,https://wordpress-1024190-3615983.cloudwaysapps.com/wp-content/uploads/originals/Pale-headed-Woodpecker_ar_rangemap.jpg,,,Trend Inconclusive,Restricted,Least Concern,Trend Inconclusive,Resident,Moderate,Schedule-II,NA,Forest,None,pahwoo1,NA,,NA,,2.413,"(2.36,2.46)",Resident,Forest,None,in-pahwoo1,wdl-pahwoo1,"ar-pahwoo1,as-pahwoo1,mz-pahwoo1,sk-pahwoo1,wb-pahwoo1",ar-pahwoo1,X,X,pas-pahwoo1,,Arunachal Pradesh,Arunachal Pradesh
Himalayan Flameback,NA,Uttarakhand,NA,NA,ul-himfla1,amithkumar.4,publish,https://wordpress-1024190-3615983.cloudwaysapps.com/wp-content/uploads/Himalayan-Flameback_ul_rangemap.jpg,NA,standard,closed,closed,NA,0,0,Dinopium shorii,-17.15,"(-48.11,28.72)",-1.34,"(-4.64,1.97)",1.739,"(1.7,1.77)",NA,https://wordpress-1024190-3615983.cloudwaysapps.com/wp-content/uploads/Himalayan-Flameback_ul_rangemap.jpg,https://wordpress-1024190-3615983.cloudwaysapps.com/wp-content/uploads/originals/Himalayan-Flameback_ul_rangemap.jpg,,,Trend Inconclusive,Restricted,Least Concern,Trend Inconclusive,Resident,Moderate,Schedule-II,NA,Forest,Himalayas,himfla1,NA,,NA,,2.468,"(2.42,2.51)",Resident,Forest,Himalayas,in-himfla1,wdl-himfla1,"br-himfla1,hp-himfla1,up-himfla1,ul-himfla1,wb-himfla1",ul-himfla1,X,X,pas-himfla1,,Uttarakhand,Uttarakhand
Scaly-bellied Woodpecker,NA,Himachal Pradesh,NA,NA,hp-scbwoo1,amithkumar.4,publish,https://wordpress-1024190-3615983.cloudwaysapps.com/wp-content/uploads/Scaly-bellied-Woodpecker_hp_rangemap.jpg,NA,standard,closed,closed,NA,0,0,Picus squamatus,-50.12,"(-62.4,-33.74)",2.01,"(-1.11,5.13)",3.463,"(3.44,3.48)",NA,https://wordpress-1024190-3615983.cloudwaysapps.com/wp-content/uploads/Scaly-bellied-Woodpecker_hp_rangemap.jpg,https://wordpress-1024190-3615983.cloudwaysapps.com/wp-content/uploads/originals/Scaly-bellied-Woodpecker_hp_rangemap.jpg,,,Trend Inconclusive,Moderate,Least Concern,Decline,Resident & Altitudinal Migrant,Moderate,Schedule-II,NA,Forest & Plantation,Himalayas,scbwoo1,NA,,0.31,"(-2.39,3.01)",10.975,"(10.93,11.02)",Resident & Altitudinal Migrant,Forest & Plantation,Himalayas,in-scbwoo1,wdl-scbwoo1,"hr-scbwoo1,hp-scbwoo1,jk-scbwoo1,la-scbwoo1,ul-scbwoo1",hp-scbwoo1,X,X,pas-scbwoo1,,Himachal Pradesh,Himachal Pradesh
Scaly-bellied Woodpecker,NA,Jammu and Kashmir,NA,NA,jk-scbwoo1,amithkumar.4,publish,https://wordpress-1024190-3615983.cloudwaysapps.com/wp-content/uploads/Scaly-bellied-Woodpecker_jk_rangemap.jpg,NA,standard,closed,closed,NA,0,0,Picus squamatus,-10.26,"(-37.01,23.34)",-5.1,"(-7.22,-2.99)",3.172,"(3.15,3.19)",NA,https://wordpress-1024190-3615983.cloudwaysapps.com/wp-content/uploads/Scaly-bellied-Woodpecker_jk_rangemap.jpg,https://wordpress-1024190-3615983.cloudwaysapps.com/wp-content/uploads/originals/Scaly-bellied-Woodpecker_jk_rangemap.jpg,,,Decline,Moderate,Least Concern,Stable,Resident & Altitudinal Migrant,Moderate,Schedule-II,NA,Forest & Plantation,Himalayas,scbwoo1,NA,,0.31,"(-2.39,3.01)",10.975,"(10.93,11.02)",Resident & Altitudinal Migrant,Forest & Plantation,Himalayas,in-scbwoo1,wdl-scbwoo1,"hr-scbwoo1,hp-scbwoo1,jk-scbwoo1,la-scbwoo1,ul-scbwoo1",jk-scbwoo1,X,X,pas-scbwoo1,,Jammu and Kashmir,Jammu and Kashmir
Scaly-bellied Woodpecker,NA,Uttarakhand,NA,NA,ul-scbwoo1,amithkumar.4,publish,https://wordpress-1024190-3615983.cloudwaysapps.com/wp-content/uploads/Scaly-bellied-Woodpecker_ul_rangemap.jpg,NA,standard,closed,closed,NA,0,0,Picus squamatus,-69.63,"(-81.04,-49.94)",1.1,"(-3.47,5.68)",3.389,"(3.37,3.4)",NA,https://wordpress-1024190-3615983.cloudwaysapps.com/wp-content/uploads/Scaly-bellied-Woodpecker_ul_rangemap.jpg,https://wordpress-1024190-3615983.cloudwaysapps.com/wp-content/uploads/originals/Scaly-bellied-Woodpecker_ul_rangemap.jpg,,,Trend Inconclusive,Moderate,Least Concern,Trend Inconclusive,Resident & Altitudinal Migrant,Low,Schedule-II,NA,Forest & Plantation,Himalayas,scbwoo1,NA,,0.31,"(-2.39,3.01)",10.975,"(10.93,11.02)",Resident & Altitudinal Migrant,Forest & Plantation,Himalayas,in-scbwoo1,wdl-scbwoo1,"hr-scbwoo1,hp-scbwoo1,jk-scbwoo1,la-scbwoo1,ul-scbwoo1",ul-scbwoo1,X,X,pas-scbwoo1,,Uttarakhand,Uttarakhand
Great Slaty Woodpecker,NA,Uttarakhand,NA,NA,ul-grswoo1,amithkumar.4,publish,https://wordpress-1024190-3615983.cloudwaysapps.com/wp-content/uploads/Great-Slaty-Woodpecker_ul_rangemap.jpg,NA,standard,closed,closed,NA,0,0,Mulleripicus pulverulentus,203.15,"(17.82,734.22)",4.16,"(-4.9,13.22)",1.317,"(1.28,1.35)",NA,https://wordpress-1024190-3615983.cloudwaysapps.com/wp-content/uploads/Great-Slaty-Woodpecker_ul_rangemap.jpg,https://wordpress-1024190-3615983.cloudwaysapps.com/wp-content/uploads/originals/Great-Slaty-Woodpecker_ul_rangemap.jpg,,,Trend Inconclusive,Restricted,Vulnerable,Trend Inconclusive,Resident,High,Schedule-I,NA,Forest,None,grswoo1,NA,,NA,,2.934,"(2.88,2.99)",Resident,Forest,None,in-grswoo1,wdl-grswoo1,"ar-grswoo1,as-grswoo1,br-grswoo1,ml-grswoo1,mz-grswoo1,tr-grswoo1,up-grswoo1,ul-grswoo1",ul-grswoo1,X,X,pas-grswoo1,"Meghalaya, Mizoram, Tripura, Uttar Pradesh, Uttarakhand",Uttarakhand,Uttarakhand
Collared Falconet,NA,Uttarakhand,NA,NA,ul-colfal1,amithkumar.4,publish,https://wordpress-1024190-3615983.cloudwaysapps.com/wp-content/uploads/Collared-Falconet_ul_rangemap.jpg,NA,standard,closed,closed,NA,0,0,Microhierax caerulescens,-24.98,"(-57.11,36.83)",-5.89,"(-9.64,-2.14)",1.009,"(0.98,1.03)",NA,https://wordpress-1024190-3615983.cloudwaysapps.com/wp-content/uploads/Collared-Falconet_ul_rangemap.jpg,https://wordpress-1024190-3615983.cloudwaysapps.com/wp-content/uploads/originals/Collared-Falconet_ul_rangemap.jpg,,,Trend Inconclusive,Restricted,Least Concern,Trend Inconclusive,Resident,Moderate,Schedule-II,NA,Forest,None,colfal1,NA,,NA,,2.984,"(2.94,3.03)",Resident,Forest,None,in-colfal1,wdl-colfal1,"as-colfal1,mn-colfal1,ml-colfal1,or-colfal1,sk-colfal1,ul-colfal1,wb-colfal1",ul-colfal1,X,X,pas-colfal1,,Uttarakhand,Uttarakhand
Collared Falconet,NA,West Bengal,NA,NA,wb-colfal1,amithkumar.4,publish,https://wordpress-1024190-3615983.cloudwaysapps.com/wp-content/uploads/Collared-Falconet_wb_rangemap.jpg,NA,standard,closed,closed,NA,0,0,Microhierax caerulescens,-32.44,"(-55.35,1.67)",0,"(-4.49,4.5)",0.653,"(0.64,0.66)",NA,https://wordpress-1024190-3615983.cloudwaysapps.com/wp-content/uploads/Collared-Falconet_wb_rangemap.jpg,https://wordpress-1024190-3615983.cloudwaysapps.com/wp-content/uploads/originals/Collared-Falconet_wb_rangemap.jpg,,,Trend Inconclusive,Restricted,Least Concern,Trend Inconclusive,Resident,Moderate,Schedule-II,NA,Forest,None,colfal1,NA,,NA,,2.984,"(2.94,3.03)",Resident,Forest,None,in-colfal1,wdl-colfal1,"as-colfal1,mn-colfal1,ml-colfal1,or-colfal1,sk-colfal1,ul-colfal1,wb-colfal1",wb-colfal1,X,X,pas-colfal1,,West Bengal,West Bengal
Pied Falconet,NA,Woodland,NA,NA,wdl-piefal2,amithkumar.4,publish,https://wordpress-1024190-3615983.cloudwaysapps.com/wp-content/uploads/Pied-Falconet_in_rangemap.jpg,NA,standard,closed,closed,NA,0,0,Microhierax melanoleucos,-60.32,"(-74.75,-38.91)",5.52,"(-3.82,14.86)",2.154,"(2.1,2.21)",NA,https://wordpress-1024190-3615983.cloudwaysapps.com/wp-content/uploads/Pied-Falconet_in_rangemap.jpg,https://wordpress-1024190-3615983.cloudwaysapps.com/wp-content/uploads/originals/Pied-Falconet_in_rangemap.jpg,,,Trend Inconclusive,Restricted,Least Concern,Trend Inconclusive,Resident,Moderate,Schedule-II,NA,Forest,None,piefal2,NA,,NA,,2.154,"(2.1,2.21)",Resident,Forest,None,in-piefal2,wdl-piefal2,"ar-piefal2,as-piefal2",wdl-piefal2,Woodland,X,pas-piefal2,,Woodland,Woodland
Pied Falconet,NA,Assam,NA,NA,as-piefal2,amithkumar.4,publish,https://wordpress-1024190-3615983.cloudwaysapps.com/wp-content/uploads/Pied-Falconet_as_rangemap.jpg,NA,standard,closed,closed,NA,0,0,Microhierax melanoleucos,-47.08,"(-69.19,-11.31)",18.91,"(-5.91,43.73)",1.277,"(1.24,1.32)",NA,https://wordpress-1024190-3615983.cloudwaysapps.com/wp-content/uploads/Pied-Falconet_as_rangemap.jpg,https://wordpress-1024190-3615983.cloudwaysapps.com/wp-content/uploads/originals/Pied-Falconet_as_rangemap.jpg,,,Trend Inconclusive,Restricted,Least Concern,Trend Inconclusive,Resident,Moderate,Schedule-II,NA,Forest,None,piefal2,NA,,NA,,2.154,"(2.1,2.21)",Resident,Forest,None,in-piefal2,wdl-piefal2,"ar-piefal2,as-piefal2",as-piefal2,X,X,pas-piefal2,,Assam,Assam
Long-tailed Parakeet,NA,Woodland,NA,NA,wdl-lotpar2,amithkumar.4,publish,https://wordpress-1024190-3615983.cloudwaysapps.com/wp-content/uploads/Long-tailed-Parakeet_in_rangemap.jpg,NA,standard,closed,closed,NA,0,0,Psittacula longicauda,-39.91,"(-50.23,-28.26)",-1.68,"(-4.22,0.86)",0.669,"(0.67,0.67)",NA,https://wordpress-1024190-3615983.cloudwaysapps.com/wp-content/uploads/Long-tailed-Parakeet_in_rangemap.jpg,https://wordpress-1024190-3615983.cloudwaysapps.com/wp-content/uploads/originals/Long-tailed-Parakeet_in_rangemap.jpg,,,Trend Inconclusive,Restricted,Vulnerable,Decline,Resident,High,Schedule-II,NA,Forest & Plantation,None,lotpar2,NA,,NA,,0.669,"(0.67,0.67)",Resident,Forest & Plantation,None,in-lotpar2,wdl-lotpar2,an-lotpar2,wdl-lotpar2,Woodland,X,pas-lotpar2,Andaman and Nicobar Islands,Woodland,Woodland
Collared Treepie,NA,Arunachal Pradesh,NA,NA,ar-coltre1,amithkumar.4,publish,https://wordpress-1024190-3615983.cloudwaysapps.com/wp-content/uploads/Collared-Treepie_ar_rangemap.jpg,NA,standard,closed,closed,NA,0,0,Dendrocitta frontalis,-36.82,"(-65.08,9.37)",6.96,"(-5.13,19.05)",1.588,"(1.54,1.64)",NA,https://wordpress-1024190-3615983.cloudwaysapps.com/wp-content/uploads/Collared-Treepie_ar_rangemap.jpg,https://wordpress-1024190-3615983.cloudwaysapps.com/wp-content/uploads/originals/Collared-Treepie_ar_rangemap.jpg,,,Trend Inconclusive,Restricted,Least Concern,Trend Inconclusive,Resident,Moderate,Schedule-II,NA,Forest,None,coltre1,NA,,NA,,1.99,"(1.94,2.04)",Resident,Forest,None,in-coltre1,wdl-coltre1,"ar-coltre1,as-coltre1,mn-coltre1,sk-coltre1,wb-coltre1",ar-coltre1,X,X,pas-coltre1,,Arunachal Pradesh,Arunachal Pradesh
Andaman Treepie,NA,Andaman and Nicobar Islands,NA,NA,an-andtre1,amithkumar.4,publish,https://wordpress-1024190-3615983.cloudwaysapps.com/wp-content/uploads/Andaman-Treepie_an_rangemap.jpg,NA,standard,closed,closed,NA,0,0,Dendrocitta bayleii,-63.09,"(-74.75,-45.31)",-5.4,"(-8.92,-1.89)",0.471,"(0.45,0.49)",NA,https://wordpress-1024190-3615983.cloudwaysapps.com/wp-content/uploads/Andaman-Treepie_an_rangemap.jpg,https://wordpress-1024190-3615983.cloudwaysapps.com/wp-content/uploads/originals/Andaman-Treepie_an_rangemap.jpg,,,Trend Inconclusive,Restricted,Vulnerable,Trend Inconclusive,Resident,High,Schedule-I,NA,Forest,Andaman Islands,andtre1,NA,,-5.43,"(-9.2,-1.67)",0.471,"(0.45,0.49)",Resident,Forest,Andaman Islands,in-andtre1,wdl-andtre1,an-andtre1,an-andtre1,X,X,pas-andtre1,Andaman and Nicobar Islands,Andaman and Nicobar Islands,Andaman and Nicobar Islands
Rufous-naped Tit,NA,Uttarakhand,NA,NA,ul-bkbtit2,amithkumar.4,publish,https://wordpress-1024190-3615983.cloudwaysapps.com/wp-content/uploads/Rufous-naped-Tit_ul_rangemap.jpg,NA,standard,closed,closed,NA,0,0,Periparus rufonuchalis,-89.91,"(-94.5,-81.77)",-8.2,"(-12.08,-4.33)",2.1,"(2.07,2.13)",NA,https://wordpress-1024190-3615983.cloudwaysapps.com/wp-content/uploads/Rufous-naped-Tit_ul_rangemap.jpg,https://wordpress-1024190-3615983.cloudwaysapps.com/wp-content/uploads/originals/Rufous-naped-Tit_ul_rangemap.jpg,,,Trend Inconclusive,Moderate,Least Concern,Trend Inconclusive,Resident & Altitudinal Migrant,Low,Schedule-II,NA,Forest,None,bkbtit2,NA,,NA,,7.688,"(7.63,7.74)",Resident & Altitudinal Migrant,Forest,None,in-bkbtit2,wdl-bkbtit2,"hp-bkbtit2,jk-bkbtit2,la-bkbtit2,ul-bkbtit2",ul-bkbtit2,X,X,pas-bkbtit2,,Uttarakhand,Uttarakhand
White-naped Tit,NA,Gujarat,NA,NA,gj-whwtit2,amithkumar.4,publish,https://wordpress-1024190-3615983.cloudwaysapps.com/wp-content/uploads/White-naped-Tit_gj_rangemap.jpg,NA,standard,closed,closed,NA,0,0,Machlolophus nuchalis,-85.89,"(-89.17,-81.19)",-5.53,"(-9.05,-2.01)",1.486,"(1.46,1.51)",NA,https://wordpress-1024190-3615983.cloudwaysapps.com/wp-content/uploads/White-naped-Tit_gj_rangemap.jpg,https://wordpress-1024190-3615983.cloudwaysapps.com/wp-content/uploads/originals/White-naped-Tit_gj_rangemap.jpg,,,Trend Inconclusive,Moderate,Vulnerable,Rapid Decline,Resident,Moderate,Schedule-I,NA,Forest,Mainland India,whwtit2,NA,,NA,,5.841,"(5.78,5.9)",Resident,Forest,Mainland India,in-whwtit2,wdl-whwtit2,"ap-whwtit2,gj-whwtit2,hr-whwtit2,ka-whwtit2,rj-whwtit2,tn-whwtit2",gj-whwtit2,X,X,pas-whwtit2,"Haryana, Rajasthan",Gujarat,Gujarat
Black-throated Prinia,NA,West Bengal,NA,NA,wb-hilpri1,amithkumar.4,publish,https://wordpress-1024190-3615983.cloudwaysapps.com/wp-content/uploads/Black-throated-Prinia_wb_rangemap.jpg,NA,standard,closed,closed,NA,0,0,Prinia atrogularis,-11.08,"(-48.75,45.56)",39.9,"(0.72,79.07)",0.331,"(0.33,0.33)",NA,https://wordpress-1024190-3615983.cloudwaysapps.com/wp-content/uploads/Black-throated-Prinia_wb_rangemap.jpg,https://wordpress-1024190-3615983.cloudwaysapps.com/wp-content/uploads/originals/Black-throated-Prinia_wb_rangemap.jpg,,,Trend Inconclusive,Restricted,Least Concern,Trend Inconclusive,Resident,Moderate,Schedule-II,NA,Grassland & Scrub,Eastern Himalayas,hilpri1,NA,,NA,,2.336,"(2.3,2.38)",Resident,Grassland & Scrub,Eastern Himalayas,in-hilpri1,one-hilpri1,"ar-hilpri1,sk-hilpri1,wb-hilpri1",wb-hilpri1,X,X,pas-hilpri1,,West Bengal,West Bengal
Nepal Wren Babbler,NA,Woodland,NA,NA,wdl-immwrb1,amithkumar.4,publish,https://wordpress-1024190-3615983.cloudwaysapps.com/wp-content/uploads/Nepal-Wren-Babbler_in_rangemap.jpg,NA,standard,closed,closed,NA,0,0,Pnoepyga immaculata,195.57,"(97.43,339.97)",1.25,"(-5.28,7.78)",3.001,"(2.92,3.09)",NA,https://wordpress-1024190-3615983.cloudwaysapps.com/wp-content/uploads/Nepal-Wren-Babbler_in_rangemap.jpg,https://wordpress-1024190-3615983.cloudwaysapps.com/wp-content/uploads/originals/Nepal-Wren-Babbler_in_rangemap.jpg,,,Trend Inconclusive,Restricted,Least Concern,Trend Inconclusive,Resident & Altitudinal Migrant,Moderate,Schedule-II,NA,Forest,Himalayas,immwrb1,NA,,NA,,3.001,"(2.92,3.09)",Resident & Altitudinal Migrant,Forest,Himalayas,in-immwrb1,wdl-immwrb1,"hp-immwrb1,ul-immwrb1",wdl-immwrb1,Woodland,X,pas-immwrb1,,Woodland,Woodland
Nepal Wren Babbler,NA,Uttarakhand,NA,NA,ul-immwrb1,amithkumar.4,publish,https://wordpress-1024190-3615983.cloudwaysapps.com/wp-content/uploads/Nepal-Wren-Babbler_ul_rangemap.jpg,NA,standard,closed,closed,NA,0,0,Pnoepyga immaculata,223.09,"(125.34,373.84)",1.51,"(-5.01,8.03)",2.487,"(2.41,2.56)",NA,https://wordpress-1024190-3615983.cloudwaysapps.com/wp-content/uploads/Nepal-Wren-Babbler_ul_rangemap.jpg,https://wordpress-1024190-3615983.cloudwaysapps.com/wp-content/uploads/originals/Nepal-Wren-Babbler_ul_rangemap.jpg,,,Trend Inconclusive,Restricted,Least Concern,Rapid Increase,Resident & Altitudinal Migrant,Low,Schedule-II,NA,Forest,Himalayas,immwrb1,NA,,NA,,3.001,"(2.92,3.09)",Resident & Altitudinal Migrant,Forest,Himalayas,in-immwrb1,wdl-immwrb1,"hp-immwrb1,ul-immwrb1",ul-immwrb1,X,X,pas-immwrb1,,Uttarakhand,Uttarakhand
Hill Swallow,NA,Kerala,NA,NA,kl-pacswa3,amithkumar.4,publish,https://wordpress-1024190-3615983.cloudwaysapps.com/wp-content/uploads/Hill-Swallow_kl_rangemap.jpg,NA,standard,closed,closed,NA,0,0,Hirundo domicola,-14.77,"(-41.98,21.22)",-0.76,"(-5.95,4.42)",1.798,"(1.79,1.8)",NA,https://wordpress-1024190-3615983.cloudwaysapps.com/wp-content/uploads/Hill-Swallow_kl_rangemap.jpg,https://wordpress-1024190-3615983.cloudwaysapps.com/wp-content/uploads/originals/Hill-Swallow_kl_rangemap.jpg,,,Trend Inconclusive,Restricted,Not Recognised,Stable,Resident,Low,Schedule-II,NA,None,Western Ghats & Sri Lanka,pacswa3,NA,,NA,,3.263,"(3.24,3.28)",Resident,None,Western Ghats & Sri Lanka,in-pacswa3,,"ka-pacswa3,kl-pacswa3,tn-pacswa3",kl-pacswa3,X,X,pas-pacswa3,,Kerala,Kerala
Andaman Bulbul,NA,Andaman and Nicobar Islands,NA,NA,an-andbul1,amithkumar.4,publish,https://wordpress-1024190-3615983.cloudwaysapps.com/wp-content/uploads/Andaman-Bulbul_an_rangemap.jpg,NA,standard,closed,closed,NA,0,0,Brachypodius fuscoflavescens,-14.38,"(-28.49,1.99)",-2.68,"(-5.12,-0.24)",0.526,"(0.53,0.53)",NA,https://wordpress-1024190-3615983.cloudwaysapps.com/wp-content/uploads/Andaman-Bulbul_an_rangemap.jpg,https://wordpress-1024190-3615983.cloudwaysapps.com/wp-content/uploads/originals/Andaman-Bulbul_an_rangemap.jpg,,,Trend Inconclusive,Restricted,Least Concern,Stable,Resident,Low,Schedule-II,NA,Forest,Andaman Islands,andbul1,NA,,-2.73,"(-5.11,-0.35)",0.526,"(0.53,0.53)",Resident,Forest,Andaman Islands,in-andbul1,wdl-andbul1,an-andbul1,an-andbul1,X,X,pas-andbul1,,Andaman and Nicobar Islands,Andaman and Nicobar Islands
White-throated Bulbul,NA,Woodland,NA,NA,wdl-whtbul1,amithkumar.4,publish,https://wordpress-1024190-3615983.cloudwaysapps.com/wp-content/uploads/White-throated-Bulbul_in_rangemap.jpg,NA,standard,closed,closed,NA,0,0,Alophoixus flaveolus,-30.24,"(-44.01,-12.25)",2.1,"(-1,5.2)",11.734,"(11.68,11.79)",NA,https://wordpress-1024190-3615983.cloudwaysapps.com/wp-content/uploads/White-throated-Bulbul_in_rangemap.jpg,https://wordpress-1024190-3615983.cloudwaysapps.com/wp-content/uploads/originals/White-throated-Bulbul_in_rangemap.jpg,,,Trend Inconclusive,Moderate,Least Concern,Trend Inconclusive,Resident,Low,Schedule-II,NA,Forest,None,whtbul1,NA,,NA,,11.734,"(11.68,11.79)",Resident,Forest,None,in-whtbul1,wdl-whtbul1,"ar-whtbul1,as-whtbul1,mn-whtbul1,ml-whtbul1,mz-whtbul1,nl-whtbul1,tr-whtbul1,wb-whtbul1",wdl-whtbul1,Woodland,X,pas-whtbul1,,Woodland,Woodland
Rufous-faced Warbler,NA,Woodland,NA,NA,wdl-rufwar1,amithkumar.4,publish,https://wordpress-1024190-3615983.cloudwaysapps.com/wp-content/uploads/Rufous-faced-Warbler_in_rangemap.jpg,NA,standard,closed,closed,NA,0,0,Abroscopus albogularis,142.5,"(-5.64,546.38)",-2.17,"(-6.21,1.87)",1.871,"(1.82,1.93)",NA,https://wordpress-1024190-3615983.cloudwaysapps.com/wp-content/uploads/Rufous-faced-Warbler_in_rangemap.jpg,https://wordpress-1024190-3615983.cloudwaysapps.com/wp-content/uploads/originals/Rufous-faced-Warbler_in_rangemap.jpg,,,Trend Inconclusive,Restricted,Least Concern,Trend Inconclusive,Resident & Altitudinal Migrant,Moderate,Schedule-II,NA,Forest,None,rufwar1,NA,,NA,,1.871,"(1.82,1.93)",Resident & Altitudinal Migrant,Forest,None,in-rufwar1,wdl-rufwar1,"ar-rufwar1,as-rufwar1,mn-rufwar1",wdl-rufwar1,Woodland,X,pas-rufwar1,,Woodland,Woodland
Rufous-faced Warbler,NA,Arunachal Pradesh,NA,NA,ar-rufwar1,amithkumar.4,publish,https://wordpress-1024190-3615983.cloudwaysapps.com/wp-content/uploads/Rufous-faced-Warbler_ar_rangemap.jpg,NA,standard,closed,closed,NA,0,0,Abroscopus albogularis,86.45,"(-22.93,304.63)",-4.82,"(-8.33,-1.32)",1.543,"(1.49,1.6)",NA,https://wordpress-1024190-3615983.cloudwaysapps.com/wp-content/uploads/Rufous-faced-Warbler_ar_rangemap.jpg,https://wordpress-1024190-3615983.cloudwaysapps.com/wp-content/uploads/originals/Rufous-faced-Warbler_ar_rangemap.jpg,,,Trend Inconclusive,Restricted,Least Concern,Trend Inconclusive,Resident & Altitudinal Migrant,Moderate,Schedule-II,NA,Forest,None,rufwar1,NA,,NA,,1.871,"(1.82,1.93)",Resident & Altitudinal Migrant,Forest,None,in-rufwar1,wdl-rufwar1,"ar-rufwar1,as-rufwar1,mn-rufwar1",ar-rufwar1,X,X,pas-rufwar1,,Arunachal Pradesh,Arunachal Pradesh
Golden-breasted Fulvetta,NA,West Bengal,NA,NA,wb-gobful1,amithkumar.4,publish,https://wordpress-1024190-3615983.cloudwaysapps.com/wp-content/uploads/Golden-breasted-Fulvetta_wb_rangemap.jpg,NA,standard,closed,closed,NA,0,0,Lioparus chrysotis,-13.03,"(-44.32,34.49)",3.79,"(-2.07,9.65)",0.275,"(0.27,0.28)",NA,https://wordpress-1024190-3615983.cloudwaysapps.com/wp-content/uploads/Golden-breasted-Fulvetta_wb_rangemap.jpg,https://wordpress-1024190-3615983.cloudwaysapps.com/wp-content/uploads/originals/Golden-breasted-Fulvetta_wb_rangemap.jpg,,,Trend Inconclusive,Restricted,Least Concern,Trend Inconclusive,Resident & Altitudinal Migrant,Moderate,Schedule-II,NA,Forest,None,gobful1,NA,,NA,,1.678,"(1.65,1.71)",Resident & Altitudinal Migrant,Forest,None,in-gobful1,wdl-gobful1,"ar-gobful1,mn-gobful1,nl-gobful1,sk-gobful1,wb-gobful1",wb-gobful1,X,X,pas-gobful1,,West Bengal,West Bengal
White-browed Fulvetta,NA,Protected Areas,NA,NA,pas-whbful1,amithkumar.4,publish,https://wordpress-1024190-3615983.cloudwaysapps.com/wp-content/uploads/White-browed-Fulvetta_in_rangemap.jpg,NA,standard,closed,closed,NA,0,0,Fulvetta vinipectus,-7.32,"(-36,34.77)",-0.92,"(-4.75,2.91)",2.485,"(2.45,2.52)",NA,https://wordpress-1024190-3615983.cloudwaysapps.com/wp-content/uploads/White-browed-Fulvetta_in_rangemap.jpg,https://wordpress-1024190-3615983.cloudwaysapps.com/wp-content/uploads/originals/White-browed-Fulvetta_in_rangemap.jpg,,,Trend Inconclusive,Restricted,Least Concern,Stable,Resident & Altitudinal Migrant,Low,Schedule-II,NA,Forest,None,whbful1,NA,,NA,,2.485,"(2.45,2.52)",Resident & Altitudinal Migrant,Forest,None,in-whbful1,wdl-whbful1,"ar-whbful1,hp-whbful1,mn-whbful1,nl-whbful1,sk-whbful1,ul-whbful1,wb-whbful1",pas-whbful1,X,Protected Areas,pas-whbful1,,Protected Areas,Protected Areas
White-browed Fulvetta,NA,West Bengal,NA,NA,wb-whbful1,amithkumar.4,publish,https://wordpress-1024190-3615983.cloudwaysapps.com/wp-content/uploads/White-browed-Fulvetta_wb_rangemap.jpg,NA,standard,closed,closed,NA,0,0,Fulvetta vinipectus,-53.12,"(-61.91,-41.59)",2.39,"(-0.78,5.55)",0.329,"(0.33,0.33)",NA,https://wordpress-1024190-3615983.cloudwaysapps.com/wp-content/uploads/White-browed-Fulvetta_wb_rangemap.jpg,https://wordpress-1024190-3615983.cloudwaysapps.com/wp-content/uploads/originals/White-browed-Fulvetta_wb_rangemap.jpg,,,Trend Inconclusive,Restricted,Least Concern,Decline,Resident & Altitudinal Migrant,High,Schedule-II,NA,Forest,None,whbful1,NA,,NA,,2.485,"(2.45,2.52)",Resident & Altitudinal Migrant,Forest,None,in-whbful1,wdl-whbful1,"ar-whbful1,hp-whbful1,mn-whbful1,nl-whbful1,sk-whbful1,ul-whbful1,wb-whbful1",wb-whbful1,X,X,pas-whbful1,,West Bengal,West Bengal
Brown Parrotbill,NA,Woodland,NA,NA,wdl-bropar1,amithkumar.4,publish,https://wordpress-1024190-3615983.cloudwaysapps.com/wp-content/uploads/Brown-Parrotbill_in_rangemap.jpg,NA,standard,closed,closed,NA,0,0,Cholornis unicolor,-51.59,"(-68.85,-24.18)",-5.7,"(-9.99,-1.41)",0.945,"(0.92,0.97)",NA,https://wordpress-1024190-3615983.cloudwaysapps.com/wp-content/uploads/Brown-Parrotbill_in_rangemap.jpg,https://wordpress-1024190-3615983.cloudwaysapps.com/wp-content/uploads/originals/Brown-Parrotbill_in_rangemap.jpg,,,Trend Inconclusive,Restricted,Least Concern,Trend Inconclusive,Resident,Moderate,Schedule-II,NA,Forest,None,bropar1,NA,,NA,,0.945,"(0.92,0.97)",Resident,Forest,None,in-bropar1,wdl-bropar1,"ar-bropar1,sk-bropar1,wb-bropar1",wdl-bropar1,Woodland,X,pas-bropar1,,Woodland,Woodland
Rufous-vented Yuhina,NA,Sikkim,NA,NA,sk-ruvyuh1,amithkumar.4,publish,https://wordpress-1024190-3615983.cloudwaysapps.com/wp-content/uploads/Rufous-vented-Yuhina_sk_rangemap.jpg,NA,standard,closed,closed,NA,0,0,Yuhina occipitalis,-74.12,"(-85.17,-54.2)",1.62,"(-5.66,8.89)",0.627,"(0.62,0.63)",NA,https://wordpress-1024190-3615983.cloudwaysapps.com/wp-content/uploads/Rufous-vented-Yuhina_sk_rangemap.jpg,https://wordpress-1024190-3615983.cloudwaysapps.com/wp-content/uploads/originals/Rufous-vented-Yuhina_sk_rangemap.jpg,,,Trend Inconclusive,Restricted,Least Concern,Trend Inconclusive,Resident & Altitudinal Migrant,Moderate,Schedule-II,NA,Forest,Eastern Himalayas,ruvyuh1,NA,,NA,,2.517,"(2.49,2.54)",Resident & Altitudinal Migrant,Forest,Eastern Himalayas,in-ruvyuh1,wdl-ruvyuh1,"ar-ruvyuh1,sk-ruvyuh1,wb-ruvyuh1",sk-ruvyuh1,X,X,pas-ruvyuh1,,Sikkim,Sikkim
Rufous-vented Yuhina,NA,West Bengal,NA,NA,wb-ruvyuh1,amithkumar.4,publish,https://wordpress-1024190-3615983.cloudwaysapps.com/wp-content/uploads/Rufous-vented-Yuhina_wb_rangemap.jpg,NA,standard,closed,closed,NA,0,0,Yuhina occipitalis,-18.07,"(-54.12,40.56)",-0.67,"(-7.02,5.67)",0.495,"(0.49,0.5)",NA,https://wordpress-1024190-3615983.cloudwaysapps.com/wp-content/uploads/Rufous-vented-Yuhina_wb_rangemap.jpg,https://wordpress-1024190-3615983.cloudwaysapps.com/wp-content/uploads/originals/Rufous-vented-Yuhina_wb_rangemap.jpg,,,Trend Inconclusive,Restricted,Least Concern,Trend Inconclusive,Resident & Altitudinal Migrant,Moderate,Schedule-II,NA,Forest,Eastern Himalayas,ruvyuh1,NA,,NA,,2.517,"(2.49,2.54)",Resident & Altitudinal Migrant,Forest,Eastern Himalayas,in-ruvyuh1,wdl-ruvyuh1,"ar-ruvyuh1,sk-ruvyuh1,wb-ruvyuh1",wb-ruvyuh1,X,X,pas-ruvyuh1,,West Bengal,West Bengal
Rufous-capped Babbler,NA,West Bengal,NA,NA,wb-rucbab1,amithkumar.4,publish,https://wordpress-1024190-3615983.cloudwaysapps.com/wp-content/uploads/Rufous-capped-Babbler_wb_rangemap.jpg,NA,standard,closed,closed,NA,0,0,Cyanoderma ruficeps,-18.68,"(-44.36,21.33)",4.73,"(-1.88,11.34)",0.33,"(0.33,0.33)",NA,https://wordpress-1024190-3615983.cloudwaysapps.com/wp-content/uploads/Rufous-capped-Babbler_wb_rangemap.jpg,https://wordpress-1024190-3615983.cloudwaysapps.com/wp-content/uploads/originals/Rufous-capped-Babbler_wb_rangemap.jpg,,,Trend Inconclusive,Moderate,Least Concern,Stable,Resident & Altitudinal Migrant,Low,Schedule-II,NA,Forest,None,rucbab1,NA,,NA,,4.257,"(4.22,4.3)",Resident & Altitudinal Migrant,Forest,None,in-rucbab1,wdl-rucbab1,"ar-rucbab1,as-rucbab1,mn-rucbab1,mz-rucbab1,nl-rucbab1,sk-rucbab1,wb-rucbab1",wb-rucbab1,X,X,pas-rucbab1,,West Bengal,West Bengal
Slender-billed Scimitar Babbler,NA,Arunachal Pradesh,NA,NA,ar-sbsbab1,amithkumar.4,publish,https://wordpress-1024190-3615983.cloudwaysapps.com/wp-content/uploads/Slender-billed-Scimitar-Babbler_ar_rangemap.jpg,NA,standard,closed,closed,NA,0,0,Pomatorhinus superciliaris,-79.16,"(-91.06,-52.8)",-9.43,"(-12.23,-6.64)",1.544,"(1.51,1.58)",NA,https://wordpress-1024190-3615983.cloudwaysapps.com/wp-content/uploads/Slender-billed-Scimitar-Babbler_ar_rangemap.jpg,https://wordpress-1024190-3615983.cloudwaysapps.com/wp-content/uploads/originals/Slender-billed-Scimitar-Babbler_ar_rangemap.jpg,,,Trend Inconclusive,Restricted,Least Concern,Trend Inconclusive,Resident & Altitudinal Migrant,Moderate,Schedule-II,NA,Forest,None,sbsbab1,NA,,NA,,2.94,"(2.89,2.99)",Resident & Altitudinal Migrant,Forest,None,in-sbsbab1,wdl-sbsbab1,"ar-sbsbab1,as-sbsbab1,mn-sbsbab1,mz-sbsbab1,nl-sbsbab1,sk-sbsbab1,wb-sbsbab1",ar-sbsbab1,X,X,pas-sbsbab1,,Arunachal Pradesh,Arunachal Pradesh
Grey-throated Babbler,NA,West Bengal,NA,NA,wb-gytbab1,amithkumar.4,publish,https://wordpress-1024190-3615983.cloudwaysapps.com/wp-content/uploads/Grey-throated-Babbler_wb_rangemap.jpg,NA,standard,closed,closed,NA,0,0,Stachyris nigriceps,-5.12,"(-47.59,63.68)",-0.59,"(-6.91,5.73)",0.404,"(0.4,0.41)",NA,https://wordpress-1024190-3615983.cloudwaysapps.com/wp-content/uploads/Grey-throated-Babbler_wb_rangemap.jpg,https://wordpress-1024190-3615983.cloudwaysapps.com/wp-content/uploads/originals/Grey-throated-Babbler_wb_rangemap.jpg,,,Trend Inconclusive,Moderate,Least Concern,Trend Inconclusive,Resident & Altitudinal Migrant,Low,Schedule-II,NA,Forest,None,gytbab1,NA,,NA,,7.797,"(7.75,7.85)",Resident & Altitudinal Migrant,Forest,None,in-gytbab1,wdl-gytbab1,"ar-gytbab1,as-gytbab1,mn-gytbab1,ml-gytbab1,mz-gytbab1,nl-gytbab1,sk-gytbab1,tr-gytbab1,wb-gytbab1",wb-gytbab1,X,X,pas-gytbab1,,West Bengal,West Bengal
Yellow-throated Fulvetta,NA,West Bengal,NA,NA,wb-yetful1,amithkumar.4,publish,https://wordpress-1024190-3615983.cloudwaysapps.com/wp-content/uploads/Yellow-throated-Fulvetta_wb_rangemap.jpg,NA,standard,closed,closed,NA,0,0,Schoeniparus cinereus,-56.66,"(-97.92,797.67)",45.58,"(-1305.93,1397.09)",0.261,"(0.26,0.26)",NA,https://wordpress-1024190-3615983.cloudwaysapps.com/wp-content/uploads/Yellow-throated-Fulvetta_wb_rangemap.jpg,https://wordpress-1024190-3615983.cloudwaysapps.com/wp-content/uploads/originals/Yellow-throated-Fulvetta_wb_rangemap.jpg,,,Trend Inconclusive,Restricted,Least Concern,Trend Inconclusive,Resident,Moderate,Schedule-II,NA,Forest,Eastern Himalayas,yetful1,NA,,NA,,2.44,"(2.4,2.48)",Resident,Forest,Eastern Himalayas,in-yetful1,wdl-yetful1,"ar-yetful1,as-yetful1,mn-yetful1,nl-yetful1,sk-yetful1,wb-yetful1",wb-yetful1,X,X,pas-yetful1,,West Bengal,West Bengal
Striated Laughingthrush,NA,Uttarakhand,NA,NA,ul-strlau2,amithkumar.4,publish,https://wordpress-1024190-3615983.cloudwaysapps.com/wp-content/uploads/Striated-Laughingthrush_ul_rangemap.jpg,NA,standard,closed,closed,NA,0,0,Grammatoptila striata,13.28,"(-18.36,57.07)",11,"(5.16,16.85)",3.452,"(3.44,3.46)",NA,https://wordpress-1024190-3615983.cloudwaysapps.com/wp-content/uploads/Striated-Laughingthrush_ul_rangemap.jpg,https://wordpress-1024190-3615983.cloudwaysapps.com/wp-content/uploads/originals/Striated-Laughingthrush_ul_rangemap.jpg,,,Trend Inconclusive,Moderate,Least Concern,Trend Inconclusive,Resident,Low,Schedule-II,NA,Forest,Himalayas,strlau2,NA,,4.03,"(0.37,7.69)",9.265,"(9.24,9.29)",Resident,Forest,Himalayas,in-strlau2,wdl-strlau2,"ar-strlau2,hp-strlau2,sk-strlau2,ul-strlau2,wb-strlau2",ul-strlau2,X,X,pas-strlau2,,Uttarakhand,Uttarakhand
Striated Laughingthrush,NA,West Bengal,NA,NA,wb-strlau2,amithkumar.4,publish,https://wordpress-1024190-3615983.cloudwaysapps.com/wp-content/uploads/Striated-Laughingthrush_wb_rangemap.jpg,NA,standard,closed,closed,NA,0,0,Grammatoptila striata,179.06,"(89.81,328.25)",15.97,"(5.66,26.27)",0.455,"(0.45,0.46)",NA,https://wordpress-1024190-3615983.cloudwaysapps.com/wp-content/uploads/Striated-Laughingthrush_wb_rangemap.jpg,https://wordpress-1024190-3615983.cloudwaysapps.com/wp-content/uploads/originals/Striated-Laughingthrush_wb_rangemap.jpg,,,Trend Inconclusive,Moderate,Least Concern,Trend Inconclusive,Resident,Low,Schedule-II,NA,Forest,Himalayas,strlau2,NA,,4.03,"(0.37,7.69)",9.265,"(9.24,9.29)",Resident,Forest,Himalayas,in-strlau2,wdl-strlau2,"ar-strlau2,hp-strlau2,sk-strlau2,ul-strlau2,wb-strlau2",wb-strlau2,X,X,pas-strlau2,,West Bengal,West Bengal
Himalayan Cutia,NA,West Bengal,NA,NA,wb-cutia1,amithkumar.4,publish,https://wordpress-1024190-3615983.cloudwaysapps.com/wp-content/uploads/Himalayan-Cutia_wb_rangemap.jpg,NA,standard,closed,closed,NA,0,0,Cutia nipalensis,47.96,"(-18.42,161.03)",6.82,"(-5.04,18.67)",0.379,"(0.37,0.38)",NA,https://wordpress-1024190-3615983.cloudwaysapps.com/wp-content/uploads/Himalayan-Cutia_wb_rangemap.jpg,https://wordpress-1024190-3615983.cloudwaysapps.com/wp-content/uploads/originals/Himalayan-Cutia_wb_rangemap.jpg,,,Trend Inconclusive,Restricted,Least Concern,Trend Inconclusive,Resident,Moderate,Schedule-II,NA,Forest,None,cutia1,NA,,NA,,2.816,"(2.77,2.86)",Resident,Forest,None,in-cutia1,wdl-cutia1,"ar-cutia1,mn-cutia1,mz-cutia1,nl-cutia1,sk-cutia1,ul-cutia1,wb-cutia1",wb-cutia1,X,X,pas-cutia1,,West Bengal,West Bengal
Scaly Laughingthrush,NA,Woodland,NA,NA,wdl-scalau1,amithkumar.4,publish,https://wordpress-1024190-3615983.cloudwaysapps.com/wp-content/uploads/Scaly-Laughingthrush_in_rangemap.jpg,NA,standard,closed,closed,NA,0,0,Trochalopteron subunicolor,-47.68,"(-67.6,-15.21)",7.69,"(-0.51,15.89)",1.32,"(1.3,1.34)",NA,https://wordpress-1024190-3615983.cloudwaysapps.com/wp-content/uploads/Scaly-Laughingthrush_in_rangemap.jpg,https://wordpress-1024190-3615983.cloudwaysapps.com/wp-content/uploads/originals/Scaly-Laughingthrush_in_rangemap.jpg,,,Trend Inconclusive,Restricted,Least Concern,Trend Inconclusive,Resident & Altitudinal Migrant,Moderate,Schedule-II,NA,Forest,None,scalau1,NA,,NA,,1.32,"(1.3,1.34)",Resident & Altitudinal Migrant,Forest,None,in-scalau1,wdl-scalau1,"ar-scalau1,nl-scalau1,sk-scalau1,wb-scalau1",wdl-scalau1,Woodland,X,pas-scalau1,,Woodland,Woodland
Scaly Laughingthrush,NA,West Bengal,NA,NA,wb-scalau1,amithkumar.4,publish,https://wordpress-1024190-3615983.cloudwaysapps.com/wp-content/uploads/Scaly-Laughingthrush_wb_rangemap.jpg,NA,standard,closed,closed,NA,0,0,Trochalopteron subunicolor,-34.69,"(-62.14,12.92)",20.76,"(8.6,32.92)",0.33,"(0.33,0.33)",NA,https://wordpress-1024190-3615983.cloudwaysapps.com/wp-content/uploads/Scaly-Laughingthrush_wb_rangemap.jpg,https://wordpress-1024190-3615983.cloudwaysapps.com/wp-content/uploads/originals/Scaly-Laughingthrush_wb_rangemap.jpg,,,Trend Inconclusive,Restricted,Least Concern,Trend Inconclusive,Resident & Altitudinal Migrant,Moderate,Schedule-II,NA,Forest,None,scalau1,NA,,NA,,1.32,"(1.3,1.34)",Resident & Altitudinal Migrant,Forest,None,in-scalau1,wdl-scalau1,"ar-scalau1,nl-scalau1,sk-scalau1,wb-scalau1",wb-scalau1,X,X,pas-scalau1,,West Bengal,West Bengal
Blue-winged Laughingthrush,NA,West Bengal,NA,NA,wb-blwlau1,amithkumar.4,publish,https://wordpress-1024190-3615983.cloudwaysapps.com/wp-content/uploads/Blue-winged-Laughingthrush_wb_rangemap.jpg,NA,standard,closed,closed,NA,0,0,Trochalopteron squamatum,49.72,"(-26.18,203.77)",37.57,"(-11.34,86.48)",0.463,"(0.46,0.47)",NA,https://wordpress-1024190-3615983.cloudwaysapps.com/wp-content/uploads/Blue-winged-Laughingthrush_wb_rangemap.jpg,https://wordpress-1024190-3615983.cloudwaysapps.com/wp-content/uploads/originals/Blue-winged-Laughingthrush_wb_rangemap.jpg,,,Trend Inconclusive,Restricted,Least Concern,Trend Inconclusive,Resident & Altitudinal Migrant,Moderate,Schedule-II,NA,Forest,Eastern Himalayas,blwlau1,NA,,NA,,3.778,"(3.73,3.82)",Resident & Altitudinal Migrant,Forest,Eastern Himalayas,in-blwlau1,wdl-blwlau1,"ar-blwlau1,as-blwlau1,mn-blwlau1,mz-blwlau1,nl-blwlau1,sk-blwlau1,wb-blwlau1",wb-blwlau1,X,X,pas-blwlau1,,West Bengal,West Bengal
Variegated Laughingthrush,NA,Himachal Pradesh,NA,NA,hp-varlau1,amithkumar.4,publish,https://wordpress-1024190-3615983.cloudwaysapps.com/wp-content/uploads/Variegated-Laughingthrush_hp_rangemap.jpg,NA,standard,closed,closed,NA,0,0,Trochalopteron variegatum,-7.26,"(-26.36,18.79)",-2.1,"(-3.98,-0.22)",3.461,"(3.44,3.48)",NA,https://wordpress-1024190-3615983.cloudwaysapps.com/wp-content/uploads/Variegated-Laughingthrush_hp_rangemap.jpg,https://wordpress-1024190-3615983.cloudwaysapps.com/wp-content/uploads/originals/Variegated-Laughingthrush_hp_rangemap.jpg,,,Trend Inconclusive,Moderate,Least Concern,Stable,Resident & Altitudinal Migrant,Low,Schedule-II,NA,Forest & Plantation,Himalayas,varlau1,NA,,0.99,"(-2.76,4.73)",8.739,"(8.71,8.77)",Resident & Altitudinal Migrant,Forest & Plantation,Himalayas,in-varlau1,wdl-varlau1,"hp-varlau1,jk-varlau1,la-varlau1,ul-varlau1",hp-varlau1,X,X,pas-varlau1,,Himachal Pradesh,Himachal Pradesh
Variegated Laughingthrush,NA,Uttarakhand,NA,NA,ul-varlau1,amithkumar.4,publish,https://wordpress-1024190-3615983.cloudwaysapps.com/wp-content/uploads/Variegated-Laughingthrush_ul_rangemap.jpg,NA,standard,closed,closed,NA,0,0,Trochalopteron variegatum,32.79,"(-26.64,145.84)",1.37,"(-3.09,5.84)",2.648,"(2.64,2.66)",NA,https://wordpress-1024190-3615983.cloudwaysapps.com/wp-content/uploads/Variegated-Laughingthrush_ul_rangemap.jpg,https://wordpress-1024190-3615983.cloudwaysapps.com/wp-content/uploads/originals/Variegated-Laughingthrush_ul_rangemap.jpg,,,Trend Inconclusive,Moderate,Least Concern,Trend Inconclusive,Resident & Altitudinal Migrant,Low,Schedule-II,NA,Forest & Plantation,Himalayas,varlau1,NA,,0.99,"(-2.76,4.73)",8.739,"(8.71,8.77)",Resident & Altitudinal Migrant,Forest & Plantation,Himalayas,in-varlau1,wdl-varlau1,"hp-varlau1,jk-varlau1,la-varlau1,ul-varlau1",ul-varlau1,X,X,pas-varlau1,,Uttarakhand,Uttarakhand
Black-faced Laughingthrush,NA,Protected Areas,NA,NA,pas-blflau1,amithkumar.4,publish,https://wordpress-1024190-3615983.cloudwaysapps.com/wp-content/uploads/Black-faced-Laughingthrush_in_rangemap.jpg,NA,standard,closed,closed,NA,0,0,Trochalopteron affine,-60.4,"(-73.93,-40.75)",-1.33,"(-5.3,2.63)",2.301,"(2.27,2.33)",NA,https://wordpress-1024190-3615983.cloudwaysapps.com/wp-content/uploads/Black-faced-Laughingthrush_in_rangemap.jpg,https://wordpress-1024190-3615983.cloudwaysapps.com/wp-content/uploads/originals/Black-faced-Laughingthrush_in_rangemap.jpg,,,Trend Inconclusive,Restricted,Least Concern,Trend Inconclusive,Resident & Altitudinal Migrant,Moderate,Schedule-II,NA,Forest,None,blflau1,NA,,NA,,2.301,"(2.27,2.33)",Resident & Altitudinal Migrant,Forest,None,in-blflau1,wdl-blflau1,"ar-blflau1,nl-blflau1,sk-blflau1,wb-blflau1",pas-blflau1,X,Protected Areas,pas-blflau1,,Protected Areas,Protected Areas
Black-faced Laughingthrush,NA,Sikkim,NA,NA,sk-blflau1,amithkumar.4,publish,https://wordpress-1024190-3615983.cloudwaysapps.com/wp-content/uploads/Black-faced-Laughingthrush_sk_rangemap.jpg,NA,standard,closed,closed,NA,0,0,Trochalopteron affine,-5.37,"(-59.5,119.15)",-1.64,"(-5.1,1.82)",0.695,"(0.7,0.7)",NA,https://wordpress-1024190-3615983.cloudwaysapps.com/wp-content/uploads/Black-faced-Laughingthrush_sk_rangemap.jpg,https://wordpress-1024190-3615983.cloudwaysapps.com/wp-content/uploads/originals/Black-faced-Laughingthrush_sk_rangemap.jpg,,,Trend Inconclusive,Restricted,Least Concern,Trend Inconclusive,Resident & Altitudinal Migrant,Moderate,Schedule-II,NA,Forest,None,blflau1,NA,,NA,,2.301,"(2.27,2.33)",Resident & Altitudinal Migrant,Forest,None,in-blflau1,wdl-blflau1,"ar-blflau1,nl-blflau1,sk-blflau1,wb-blflau1",sk-blflau1,X,X,pas-blflau1,,Sikkim,Sikkim
Black-faced Laughingthrush,NA,West Bengal,NA,NA,wb-blflau1,amithkumar.4,publish,https://wordpress-1024190-3615983.cloudwaysapps.com/wp-content/uploads/Black-faced-Laughingthrush_wb_rangemap.jpg,NA,standard,closed,closed,NA,0,0,Trochalopteron affine,-65.4,"(-79.93,-39.91)",0.3,"(-6.39,6.99)",0.383,"(0.38,0.39)",NA,https://wordpress-1024190-3615983.cloudwaysapps.com/wp-content/uploads/Black-faced-Laughingthrush_wb_rangemap.jpg,https://wordpress-1024190-3615983.cloudwaysapps.com/wp-content/uploads/originals/Black-faced-Laughingthrush_wb_rangemap.jpg,,,Trend Inconclusive,Restricted,Least Concern,Trend Inconclusive,Resident & Altitudinal Migrant,Moderate,Schedule-II,NA,Forest,None,blflau1,NA,,NA,,2.301,"(2.27,2.33)",Resident & Altitudinal Migrant,Forest,None,in-blflau1,wdl-blflau1,"ar-blflau1,nl-blflau1,sk-blflau1,wb-blflau1",wb-blflau1,X,X,pas-blflau1,,West Bengal,West Bengal
Long-tailed Sibia,NA,Woodland,NA,NA,wdl-lotsib1,amithkumar.4,publish,https://wordpress-1024190-3615983.cloudwaysapps.com/wp-content/uploads/Long-tailed-Sibia_in_rangemap.jpg,NA,standard,closed,closed,NA,0,0,Heterophasia picaoides,-39.31,"(-59.82,-8.14)",-4.51,"(-7.75,-1.28)",2.009,"(1.98,2.04)",NA,https://wordpress-1024190-3615983.cloudwaysapps.com/wp-content/uploads/Long-tailed-Sibia_in_rangemap.jpg,https://wordpress-1024190-3615983.cloudwaysapps.com/wp-content/uploads/originals/Long-tailed-Sibia_in_rangemap.jpg,,,Trend Inconclusive,Restricted,Least Concern,Trend Inconclusive,Resident,Moderate,Schedule-II,NA,Forest,None,lotsib1,NA,,NA,,2.009,"(1.98,2.04)",Resident,Forest,None,in-lotsib1,wdl-lotsib1,"ar-lotsib1,as-lotsib1,wb-lotsib1",wdl-lotsib1,Woodland,X,pas-lotsib1,,Woodland,Woodland
Long-tailed Sibia,NA,Arunachal Pradesh,NA,NA,ar-lotsib1,amithkumar.4,publish,https://wordpress-1024190-3615983.cloudwaysapps.com/wp-content/uploads/Long-tailed-Sibia_ar_rangemap.jpg,NA,standard,closed,closed,NA,0,0,Heterophasia picaoides,-36.4,"(-56.93,-5.65)",-4.17,"(-7.24,-1.11)",1.789,"(1.76,1.82)",NA,https://wordpress-1024190-3615983.cloudwaysapps.com/wp-content/uploads/Long-tailed-Sibia_ar_rangemap.jpg,https://wordpress-1024190-3615983.cloudwaysapps.com/wp-content/uploads/originals/Long-tailed-Sibia_ar_rangemap.jpg,,,Trend Inconclusive,Restricted,Least Concern,Trend Inconclusive,Resident,Moderate,Schedule-II,NA,Forest,None,lotsib1,NA,,NA,,2.009,"(1.98,2.04)",Resident,Forest,None,in-lotsib1,wdl-lotsib1,"ar-lotsib1,as-lotsib1,wb-lotsib1",ar-lotsib1,X,X,pas-lotsib1,,Arunachal Pradesh,Arunachal Pradesh
Streak-throated Barwing,NA,Arunachal Pradesh,NA,NA,ar-sttbar1,amithkumar.4,publish,https://wordpress-1024190-3615983.cloudwaysapps.com/wp-content/uploads/Streak-throated-Barwing_ar_rangemap.jpg,NA,standard,closed,closed,NA,0,0,Actinodura waldeni,-68.99,"(-82.18,-45.98)",-0.76,"(-6.43,4.91)",0.766,"(0.74,0.8)",NA,https://wordpress-1024190-3615983.cloudwaysapps.com/wp-content/uploads/Streak-throated-Barwing_ar_rangemap.jpg,https://wordpress-1024190-3615983.cloudwaysapps.com/wp-content/uploads/originals/Streak-throated-Barwing_ar_rangemap.jpg,,,Trend Inconclusive,Restricted,Least Concern,Trend Inconclusive,Resident,Moderate,Schedule-II,NA,Forest,Eastern Himalayas,sttbar1,NA,,NA,,1.439,"(1.38,1.5)",Resident,Forest,Eastern Himalayas,in-sttbar1,wdl-sttbar1,"ar-sttbar1,as-sttbar1,mn-sttbar1,nl-sttbar1",ar-sttbar1,X,X,pas-sttbar1,,Arunachal Pradesh,Arunachal Pradesh
Rusty-fronted Barwing,NA,West Bengal,NA,NA,wb-rufbar1,amithkumar.4,publish,https://wordpress-1024190-3615983.cloudwaysapps.com/wp-content/uploads/Rusty-fronted-Barwing_wb_rangemap.jpg,NA,standard,closed,closed,NA,0,0,Actinodura egertoni,43.77,"(-9.27,128.09)",8.99,"(0.58,17.39)",0.445,"(0.44,0.45)",NA,https://wordpress-1024190-3615983.cloudwaysapps.com/wp-content/uploads/Rusty-fronted-Barwing_wb_rangemap.jpg,https://wordpress-1024190-3615983.cloudwaysapps.com/wp-content/uploads/originals/Rusty-fronted-Barwing_wb_rangemap.jpg,,,Trend Inconclusive,Moderate,Least Concern,Trend Inconclusive,Resident & Altitudinal Migrant,Low,Schedule-II,NA,Forest,Eastern Himalayas,rufbar1,NA,,1.05,"(-3.48,5.58)",5.59,"(5.55,5.63)",Resident & Altitudinal Migrant,Forest,Eastern Himalayas,in-rufbar1,wdl-rufbar1,"ar-rufbar1,as-rufbar1,mn-rufbar1,ml-rufbar1,mz-rufbar1,nl-rufbar1,sk-rufbar1,wb-rufbar1",wb-rufbar1,X,X,pas-rufbar1,,West Bengal,West Bengal
Rufous-backed Sibia,NA,Arunachal Pradesh,NA,NA,ar-rubsib1,amithkumar.4,publish,https://wordpress-1024190-3615983.cloudwaysapps.com/wp-content/uploads/Rufous-backed-Sibia_ar_rangemap.jpg,NA,standard,closed,closed,NA,0,0,Leioptila annectens,54.56,"(-43.01,303.8)",3.88,"(-7.51,15.27)",1.722,"(1.67,1.77)",NA,https://wordpress-1024190-3615983.cloudwaysapps.com/wp-content/uploads/Rufous-backed-Sibia_ar_rangemap.jpg,https://wordpress-1024190-3615983.cloudwaysapps.com/wp-content/uploads/originals/Rufous-backed-Sibia_ar_rangemap.jpg,,,Trend Inconclusive,Restricted,Least Concern,Trend Inconclusive,Resident,Moderate,Schedule-II,NA,Forest,None,rubsib1,NA,,NA,,2.979,"(2.91,3.04)",Resident,Forest,None,in-rubsib1,wdl-rubsib1,"ar-rubsib1,as-rubsib1,mn-rubsib1,ml-rubsib1,mz-rubsib1,nl-rubsib1,wb-rubsib1",ar-rubsib1,X,X,pas-rubsib1,,Arunachal Pradesh,Arunachal Pradesh
Rufous-chinned Laughingthrush,NA,Uttarakhand,NA,NA,ul-ruclau1,amithkumar.4,publish,https://wordpress-1024190-3615983.cloudwaysapps.com/wp-content/uploads/Rufous-chinned-Laughingthrush_ul_rangemap.jpg,NA,standard,closed,closed,NA,0,0,Ianthocincla rufogularis,348.11,"(68.38,1035.03)",2.39,"(-2.86,7.64)",2.428,"(2.39,2.46)",NA,https://wordpress-1024190-3615983.cloudwaysapps.com/wp-content/uploads/Rufous-chinned-Laughingthrush_ul_rangemap.jpg,https://wordpress-1024190-3615983.cloudwaysapps.com/wp-content/uploads/originals/Rufous-chinned-Laughingthrush_ul_rangemap.jpg,,,Trend Inconclusive,Restricted,Least Concern,Trend Inconclusive,Resident,Moderate,Schedule-II,NA,Forest,Himalayas,ruclau1,NA,,4.38,"(-1.35,10.11)",3.913,"(3.87,3.96)",Resident,Forest,Himalayas,in-ruclau1,wdl-ruclau1,"ar-ruclau1,hr-ruclau1,hp-ruclau1,ml-ruclau1,sk-ruclau1,ul-ruclau1,wb-ruclau1",ul-ruclau1,X,X,pas-ruclau1,,Uttarakhand,Uttarakhand
Spotted Laughingthrush,NA,West Bengal,NA,NA,wb-spolau1,amithkumar.4,publish,https://wordpress-1024190-3615983.cloudwaysapps.com/wp-content/uploads/Spotted-Laughingthrush_wb_rangemap.jpg,NA,standard,closed,closed,NA,0,0,Ianthocincla ocellata,-33.35,"(-57.32,9.83)",-6.04,"(-9.45,-2.63)",0.388,"(0.38,0.39)",NA,https://wordpress-1024190-3615983.cloudwaysapps.com/wp-content/uploads/Spotted-Laughingthrush_wb_rangemap.jpg,https://wordpress-1024190-3615983.cloudwaysapps.com/wp-content/uploads/originals/Spotted-Laughingthrush_wb_rangemap.jpg,,,Trend Inconclusive,Restricted,Least Concern,Trend Inconclusive,Resident,Moderate,Schedule-II,NA,Forest,Eastern Himalayas,spolau1,NA,,NA,,1.846,"(1.82,1.87)",Resident,Forest,Eastern Himalayas,in-spolau1,wdl-spolau1,"ar-spolau1,sk-spolau1,ul-spolau1,wb-spolau1",wb-spolau1,X,X,pas-spolau1,,West Bengal,West Bengal
Grey-sided Laughingthrush,NA,Arunachal Pradesh,NA,NA,ar-gyslau,amithkumar.4,publish,https://wordpress-1024190-3615983.cloudwaysapps.com/wp-content/uploads/Grey-sided-Laughingthrush_ar_rangemap.jpg,NA,standard,closed,closed,NA,0,0,Pterorhinus caerulatus,-85.64,"(-92.69,-71.25)",0.66,"(-6.73,8.05)",0.805,"(0.78,0.83)",NA,https://wordpress-1024190-3615983.cloudwaysapps.com/wp-content/uploads/Grey-sided-Laughingthrush_ar_rangemap.jpg,https://wordpress-1024190-3615983.cloudwaysapps.com/wp-content/uploads/originals/Grey-sided-Laughingthrush_ar_rangemap.jpg,,,Trend Inconclusive,Restricted,Least Concern,Trend Inconclusive,Resident,Moderate,Schedule-I,NA,Forest,Eastern Himalayas,gyslau,NA,,NA,,2.039,"(2,2.08)",Resident,Forest,Eastern Himalayas,in-gyslau,wdl-gyslau,"ar-gyslau,mn-gyslau,nl-gyslau,sk-gyslau,wb-gyslau",ar-gyslau,X,X,pas-gyslau,,Arunachal Pradesh,Arunachal Pradesh
Indian Nuthatch,NA,Karnataka,NA,NA,ka-chbnut2,amithkumar.4,publish,https://wordpress-1024190-3615983.cloudwaysapps.com/wp-content/uploads/Indian-Nuthatch_ka_rangemap.jpg,NA,standard,closed,closed,NA,0,0,Sitta castanea,-53.66,"(-70.79,-24.82)",-4.94,"(-7.92,-1.97)",1.602,"(1.59,1.61)",NA,https://wordpress-1024190-3615983.cloudwaysapps.com/wp-content/uploads/Indian-Nuthatch_ka_rangemap.jpg,https://wordpress-1024190-3615983.cloudwaysapps.com/wp-content/uploads/originals/Indian-Nuthatch_ka_rangemap.jpg,,,Trend Inconclusive,Moderate,Least Concern,Trend Inconclusive,Resident,Low,Schedule-II,NA,Forest & Plantation,Indian Subcontinent,chbnut2,NA,,NA,,23.064,"(23,23.13)",Resident,Forest & Plantation,Indian Subcontinent,in-chbnut2,wdl-chbnut2,"ap-chbnut2,br-chbnut2,ct-chbnut2,dl-chbnut2,hr-chbnut2,hp-chbnut2,jh-chbnut2,ka-chbnut2,kl-chbnut2,mp-chbnut2,mh-chbnut2,or-chbnut2,pb-chbnut2,rj-chbnut2,tn-chbnut2,ts-chbnut2,up-chbnut2,ul-chbnut2,wb-chbnut2",ka-chbnut2,X,X,pas-chbnut2,,Karnataka,Karnataka
Indian Nuthatch,NA,Tamil Nadu,NA,NA,tn-chbnut2,amithkumar.4,publish,https://wordpress-1024190-3615983.cloudwaysapps.com/wp-content/uploads/Indian-Nuthatch_tn_rangemap.jpg,NA,standard,closed,closed,NA,0,0,Sitta castanea,-52.91,"(-74.32,-9.5)",1.56,"(-4.67,7.78)",0.922,"(0.92,0.93)",NA,https://wordpress-1024190-3615983.cloudwaysapps.com/wp-content/uploads/Indian-Nuthatch_tn_rangemap.jpg,https://wordpress-1024190-3615983.cloudwaysapps.com/wp-content/uploads/originals/Indian-Nuthatch_tn_rangemap.jpg,,,Trend Inconclusive,Moderate,Least Concern,Trend Inconclusive,Resident,Low,Schedule-II,NA,Forest & Plantation,Indian Subcontinent,chbnut2,NA,,NA,,23.064,"(23,23.13)",Resident,Forest & Plantation,Indian Subcontinent,in-chbnut2,wdl-chbnut2,"ap-chbnut2,br-chbnut2,ct-chbnut2,dl-chbnut2,hr-chbnut2,hp-chbnut2,jh-chbnut2,ka-chbnut2,kl-chbnut2,mp-chbnut2,mh-chbnut2,or-chbnut2,pb-chbnut2,rj-chbnut2,tn-chbnut2,ts-chbnut2,up-chbnut2,ul-chbnut2,wb-chbnut2",tn-chbnut2,X,X,pas-chbnut2,,Tamil Nadu,Tamil Nadu
Beautiful Nuthatch,NA,Arunachal Pradesh,NA,NA,ar-beanut1,amithkumar.4,publish,https://wordpress-1024190-3615983.cloudwaysapps.com/wp-content/uploads/Beautiful-Nuthatch_ar_rangemap.jpg,NA,standard,closed,closed,NA,0,0,Sitta formosa,-26.15,"(-62.16,43.15)",1.47,"(-5.76,8.7)",1.188,"(1.15,1.23)",NA,https://wordpress-1024190-3615983.cloudwaysapps.com/wp-content/uploads/Beautiful-Nuthatch_ar_rangemap.jpg,https://wordpress-1024190-3615983.cloudwaysapps.com/wp-content/uploads/originals/Beautiful-Nuthatch_ar_rangemap.jpg,,,Trend Inconclusive,Restricted,Vulnerable,Trend Inconclusive,Resident,High,Schedule-I,NA,Forest,None,beanut1,NA,,NA,,1.642,"(1.59,1.69)",Resident,Forest,None,in-beanut1,wdl-beanut1,"ar-beanut1,as-beanut1,mn-beanut1,wb-beanut1",ar-beanut1,X,X,pas-beanut1,"Arunachal Pradesh, Manipur, West Bengal",Arunachal Pradesh,Arunachal Pradesh
Rusty-flanked Treecreeper,NA,West Bengal,NA,NA,wb-ruftre4,amithkumar.4,publish,https://wordpress-1024190-3615983.cloudwaysapps.com/wp-content/uploads/Rusty-flanked-Treecreeper_wb_rangemap.jpg,NA,standard,closed,closed,NA,0,0,Certhia nipalensis,-58.11,"(-70.86,-39.81)",-9.95,"(-12.73,-7.18)",0.337,"(0.33,0.34)",NA,https://wordpress-1024190-3615983.cloudwaysapps.com/wp-content/uploads/Rusty-flanked-Treecreeper_wb_rangemap.jpg,https://wordpress-1024190-3615983.cloudwaysapps.com/wp-content/uploads/originals/Rusty-flanked-Treecreeper_wb_rangemap.jpg,,,Rapid Decline,Restricted,Least Concern,Decline,Resident,High,Schedule-II,NA,Forest,Himalayas,ruftre4,NA,,NA,,2.411,"(2.36,2.46)",Resident,Forest,Himalayas,in-ruftre4,wdl-ruftre4,"ar-ruftre4,sk-ruftre4,ul-ruftre4,wb-ruftre4",wb-ruftre4,X,X,pas-ruftre4,,West Bengal,West Bengal
Sikkim Treecreeper,NA,West Bengal,NA,NA,wb-bnttre1,amithkumar.4,publish,https://wordpress-1024190-3615983.cloudwaysapps.com/wp-content/uploads/Sikkim-Treecreeper_wb_rangemap.jpg,NA,standard,closed,closed,NA,0,0,Certhia discolor,59.16,"(4.31,136.04)",19.73,"(5.8,33.66)",0.273,"(0.27,0.28)",NA,https://wordpress-1024190-3615983.cloudwaysapps.com/wp-content/uploads/Sikkim-Treecreeper_wb_rangemap.jpg,https://wordpress-1024190-3615983.cloudwaysapps.com/wp-content/uploads/originals/Sikkim-Treecreeper_wb_rangemap.jpg,,,Trend Inconclusive,Restricted,Least Concern,Trend Inconclusive,Resident,Moderate,Schedule-II,NA,Forest,Himalayas,bnttre1,NA,,NA,,1.392,"(1.37,1.42)",Resident,Forest,Himalayas,in-bnttre1,wdl-bnttre1,"ar-bnttre1,sk-bnttre1,ul-bnttre1,wb-bnttre1",wb-bnttre1,X,X,pas-bnttre1,,West Bengal,West Bengal
Asian Pied Starling,NA,Protected Areas,NA,NA,pas-aspsta2,amithkumar.4,publish,https://wordpress-1024190-3615983.cloudwaysapps.com/wp-content/uploads/Asian-Pied-Starling_in_rangemap.jpg,NA,standard,closed,closed,NA,0,0,Gracupica contra,-14.55,"(-29.61,4.3)",1.11,"(-1.15,3.36)",148.917,"(148.88,148.96)",NA,https://wordpress-1024190-3615983.cloudwaysapps.com/wp-content/uploads/Asian-Pied-Starling_in_rangemap.jpg,https://wordpress-1024190-3615983.cloudwaysapps.com/wp-content/uploads/originals/Asian-Pied-Starling_in_rangemap.jpg,,,Stable,Very Large,Least Concern,Stable,Resident,Low,Schedule-II,NA,None,None,aspsta2,NA,,NA,,148.917,"(148.88,148.96)",Resident,None,None,in-aspsta2,,"ap-aspsta2,ar-aspsta2,as-aspsta2,br-aspsta2,ch-aspsta2,ct-aspsta2,dd-aspsta2,dl-aspsta2,ga-aspsta2,gj-aspsta2,hr-aspsta2,hp-aspsta2,jk-aspsta2,jh-aspsta2,ka-aspsta2,la-aspsta2,mp-aspsta2,mh-aspsta2,mn-aspsta2,ml-aspsta2,mz-aspsta2,nl-aspsta2,or-aspsta2,py-aspsta2,pb-aspsta2,rj-aspsta2,sk-aspsta2,tn-aspsta2,ts-aspsta2,tr-aspsta2,up-aspsta2,ul-aspsta2,wb-aspsta2",pas-aspsta2,X,Protected Areas,pas-aspsta2,,Protected Areas,Protected Areas
Asian Pied Starling,NA,Assam,NA,NA,as-aspsta2,amithkumar.4,publish,https://wordpress-1024190-3615983.cloudwaysapps.com/wp-content/uploads/Asian-Pied-Starling_as_rangemap.jpg,NA,standard,closed,closed,NA,0,0,Gracupica contra,3.08,"(-11.52,19.2)",3.42,"(1.53,5.31)",7.957,"(7.95,7.96)",NA,https://wordpress-1024190-3615983.cloudwaysapps.com/wp-content/uploads/Asian-Pied-Starling_as_rangemap.jpg,https://wordpress-1024190-3615983.cloudwaysapps.com/wp-content/uploads/originals/Asian-Pied-Starling_as_rangemap.jpg,,,Trend Inconclusive,Very Large,Least Concern,Stable,Resident,Low,Schedule-II,NA,None,None,aspsta2,NA,,NA,,148.917,"(148.88,148.96)",Resident,None,None,in-aspsta2,,"ap-aspsta2,ar-aspsta2,as-aspsta2,br-aspsta2,ch-aspsta2,ct-aspsta2,dd-aspsta2,dl-aspsta2,ga-aspsta2,gj-aspsta2,hr-aspsta2,hp-aspsta2,jk-aspsta2,jh-aspsta2,ka-aspsta2,la-aspsta2,mp-aspsta2,mh-aspsta2,mn-aspsta2,ml-aspsta2,mz-aspsta2,nl-aspsta2,or-aspsta2,py-aspsta2,pb-aspsta2,rj-aspsta2,sk-aspsta2,tn-aspsta2,ts-aspsta2,tr-aspsta2,up-aspsta2,ul-aspsta2,wb-aspsta2",as-aspsta2,X,X,pas-aspsta2,,Assam,Assam
Asian Pied Starling,NA,Delhi,NA,NA,dl-aspsta2,amithkumar.4,publish,https://wordpress-1024190-3615983.cloudwaysapps.com/wp-content/uploads/Asian-Pied-Starling_dl_rangemap.jpg,NA,standard,closed,closed,NA,0,0,Gracupica contra,-18.86,"(-31.98,-3.33)",4.05,"(1.24,6.86)",0.439,"(0.44,0.44)",NA,https://wordpress-1024190-3615983.cloudwaysapps.com/wp-content/uploads/Asian-Pied-Starling_dl_rangemap.jpg,https://wordpress-1024190-3615983.cloudwaysapps.com/wp-content/uploads/originals/Asian-Pied-Starling_dl_rangemap.jpg,,,Trend Inconclusive,Very Large,Least Concern,Trend Inconclusive,Resident,Low,Schedule-II,NA,None,None,aspsta2,NA,,NA,,148.917,"(148.88,148.96)",Resident,None,None,in-aspsta2,,"ap-aspsta2,ar-aspsta2,as-aspsta2,br-aspsta2,ch-aspsta2,ct-aspsta2,dd-aspsta2,dl-aspsta2,ga-aspsta2,gj-aspsta2,hr-aspsta2,hp-aspsta2,jk-aspsta2,jh-aspsta2,ka-aspsta2,la-aspsta2,mp-aspsta2,mh-aspsta2,mn-aspsta2,ml-aspsta2,mz-aspsta2,nl-aspsta2,or-aspsta2,py-aspsta2,pb-aspsta2,rj-aspsta2,sk-aspsta2,tn-aspsta2,ts-aspsta2,tr-aspsta2,up-aspsta2,ul-aspsta2,wb-aspsta2",dl-aspsta2,X,X,pas-aspsta2,,Delhi,Delhi
Asian Pied Starling,NA,Rajasthan,NA,NA,rj-aspsta2,amithkumar.4,publish,https://wordpress-1024190-3615983.cloudwaysapps.com/wp-content/uploads/Asian-Pied-Starling_rj_rangemap.jpg,NA,standard,closed,closed,NA,0,0,Gracupica contra,-6.96,"(-29.2,21.23)",1.9,"(-1.31,5.11)",15.392,"(15.38,15.41)",NA,https://wordpress-1024190-3615983.cloudwaysapps.com/wp-content/uploads/Asian-Pied-Starling_rj_rangemap.jpg,https://wordpress-1024190-3615983.cloudwaysapps.com/wp-content/uploads/originals/Asian-Pied-Starling_rj_rangemap.jpg,,,Trend Inconclusive,Very Large,Least Concern,Stable,Resident,Low,Schedule-II,NA,None,None,aspsta2,NA,,NA,,148.917,"(148.88,148.96)",Resident,None,None,in-aspsta2,,"ap-aspsta2,ar-aspsta2,as-aspsta2,br-aspsta2,ch-aspsta2,ct-aspsta2,dd-aspsta2,dl-aspsta2,ga-aspsta2,gj-aspsta2,hr-aspsta2,hp-aspsta2,jk-aspsta2,jh-aspsta2,ka-aspsta2,la-aspsta2,mp-aspsta2,mh-aspsta2,mn-aspsta2,ml-aspsta2,mz-aspsta2,nl-aspsta2,or-aspsta2,py-aspsta2,pb-aspsta2,rj-aspsta2,sk-aspsta2,tn-aspsta2,ts-aspsta2,tr-aspsta2,up-aspsta2,ul-aspsta2,wb-aspsta2",rj-aspsta2,X,X,pas-aspsta2,,Rajasthan,Rajasthan
Asian Pied Starling,NA,Uttarakhand,NA,NA,ul-aspsta2,amithkumar.4,publish,https://wordpress-1024190-3615983.cloudwaysapps.com/wp-content/uploads/Asian-Pied-Starling_ul_rangemap.jpg,NA,standard,closed,closed,NA,0,0,Gracupica contra,6.15,"(-24.74,47.05)",3.38,"(0.2,6.56)",2.201,"(2.2,2.2)",NA,https://wordpress-1024190-3615983.cloudwaysapps.com/wp-content/uploads/Asian-Pied-Starling_ul_rangemap.jpg,https://wordpress-1024190-3615983.cloudwaysapps.com/wp-content/uploads/originals/Asian-Pied-Starling_ul_rangemap.jpg,,,Trend Inconclusive,Very Large,Least Concern,Trend Inconclusive,Resident,Low,Schedule-II,NA,None,None,aspsta2,NA,,NA,,148.917,"(148.88,148.96)",Resident,None,None,in-aspsta2,,"ap-aspsta2,ar-aspsta2,as-aspsta2,br-aspsta2,ch-aspsta2,ct-aspsta2,dd-aspsta2,dl-aspsta2,ga-aspsta2,gj-aspsta2,hr-aspsta2,hp-aspsta2,jk-aspsta2,jh-aspsta2,ka-aspsta2,la-aspsta2,mp-aspsta2,mh-aspsta2,mn-aspsta2,ml-aspsta2,mz-aspsta2,nl-aspsta2,or-aspsta2,py-aspsta2,pb-aspsta2,rj-aspsta2,sk-aspsta2,tn-aspsta2,ts-aspsta2,tr-aspsta2,up-aspsta2,ul-aspsta2,wb-aspsta2",ul-aspsta2,X,X,pas-aspsta2,,Uttarakhand,Uttarakhand
Malabar Starling,NA,Goa,NA,NA,ga-malsta1,amithkumar.4,publish,https://wordpress-1024190-3615983.cloudwaysapps.com/wp-content/uploads/Malabar-Starling_ga_rangemap.jpg,NA,standard,closed,closed,NA,0,0,Sturnia blythii,-38.15,"(-58.36,-10.38)",13.66,"(5.74,21.59)",0.464,"(0.46,0.46)",NA,https://wordpress-1024190-3615983.cloudwaysapps.com/wp-content/uploads/Malabar-Starling_ga_rangemap.jpg,https://wordpress-1024190-3615983.cloudwaysapps.com/wp-content/uploads/originals/Malabar-Starling_ga_rangemap.jpg,,,Trend Inconclusive,Moderate,Not Recognised,Trend Inconclusive,Resident,Low,Schedule-II,NA,Forest & Plantation,Western Ghats,malsta1,NA,,7.52,"(4.2,10.85)",12.371,"(12.34,12.4)",Resident,Forest & Plantation,Western Ghats,in-malsta1,wdl-malsta1,"ga-malsta1,gj-malsta1,ka-malsta1,kl-malsta1,mh-malsta1,tn-malsta1",ga-malsta1,X,X,pas-malsta1,,Goa,Goa
White-headed Starling,NA,Andaman and Nicobar Islands,NA,NA,an-whhsta2,amithkumar.4,publish,https://wordpress-1024190-3615983.cloudwaysapps.com/wp-content/uploads/White-headed-Starling_an_rangemap.jpg,NA,standard,closed,closed,NA,0,0,Sturnia erythropygia,-38.16,"(-47.93,-26.9)",-7.55,"(-9.09,-6.01)",0.515,"(0.52,0.52)",NA,https://wordpress-1024190-3615983.cloudwaysapps.com/wp-content/uploads/White-headed-Starling_an_rangemap.jpg,https://wordpress-1024190-3615983.cloudwaysapps.com/wp-content/uploads/originals/White-headed-Starling_an_rangemap.jpg,,,Rapid Decline,Restricted,Least Concern,Decline,Resident,High,Schedule-II,NA,None,Andaman and Nicobar Islands,whhsta2,NA,,-7.5,"(-9.05,-5.95)",0.515,"(0.52,0.52)",Resident,None,Andaman and Nicobar Islands,in-whhsta2,,an-whhsta2,an-whhsta2,X,X,pas-whhsta2,Andaman and Nicobar Islands,Andaman and Nicobar Islands,Andaman and Nicobar Islands
Grandala,NA,Open Natural Ecosystems,NA,NA,one-granda1,amithkumar.4,publish,https://wordpress-1024190-3615983.cloudwaysapps.com/wp-content/uploads/Grandala_in_rangemap.jpg,NA,standard,closed,closed,NA,0,0,Grandala coelicolor,-89.91,"(-94.48,-82.13)",-4.04,"(-10.75,2.67)",1.322,"(1.29,1.35)",NA,https://wordpress-1024190-3615983.cloudwaysapps.com/wp-content/uploads/Grandala_in_rangemap.jpg,https://wordpress-1024190-3615983.cloudwaysapps.com/wp-content/uploads/originals/Grandala_in_rangemap.jpg,,,Trend Inconclusive,Restricted,Least Concern,Trend Inconclusive,Resident & Altitudinal Migrant,Moderate,Schedule-II,NA,Alpine & Cold Desert,None,granda1,NA,,NA,,1.322,"(1.29,1.35)",Resident & Altitudinal Migrant,Alpine & Cold Desert,None,in-granda1,one-granda1,"ar-granda1,hp-granda1,la-granda1,sk-granda1,ul-granda1",one-granda1,Open Natural Ecosystems,X,pas-granda1,,Open Natural Ecosystems,Open Natural Ecosystems
Long-billed Thrush,NA,Uttarakhand,NA,NA,ul-lobthr1,amithkumar.4,publish,https://wordpress-1024190-3615983.cloudwaysapps.com/wp-content/uploads/Long-billed-Thrush_ul_rangemap.jpg,NA,standard,closed,closed,NA,0,0,Zoothera monticola,71.18,"(9.6,175.43)",-8.9,"(-12.21,-5.59)",2.404,"(2.36,2.45)",NA,https://wordpress-1024190-3615983.cloudwaysapps.com/wp-content/uploads/Long-billed-Thrush_ul_rangemap.jpg,https://wordpress-1024190-3615983.cloudwaysapps.com/wp-content/uploads/originals/Long-billed-Thrush_ul_rangemap.jpg,,,Trend Inconclusive,Restricted,Least Concern,Trend Inconclusive,Resident & Altitudinal Migrant,Moderate,Schedule-II,NA,Forest,Himalayas,lobthr1,NA,,NA,,3.964,"(3.91,4.01)",Resident & Altitudinal Migrant,Forest,Himalayas,in-lobthr1,wdl-lobthr1,"ar-lobthr1,as-lobthr1,hp-lobthr1,nl-lobthr1,sk-lobthr1,ul-lobthr1,wb-lobthr1",ul-lobthr1,X,X,pas-lobthr1,,Uttarakhand,Uttarakhand
Andaman Shama,NA,Andaman and Nicobar Islands,NA,NA,an-andsha1,amithkumar.4,publish,https://wordpress-1024190-3615983.cloudwaysapps.com/wp-content/uploads/Andaman-Shama_an_rangemap.jpg,NA,standard,closed,closed,NA,0,0,Copsychus albiventris,69.84,"(-17.77,250.36)",2.9,"(-2.18,7.97)",0.503,"(0.5,0.5)",NA,https://wordpress-1024190-3615983.cloudwaysapps.com/wp-content/uploads/Andaman-Shama_an_rangemap.jpg,https://wordpress-1024190-3615983.cloudwaysapps.com/wp-content/uploads/originals/Andaman-Shama_an_rangemap.jpg,,,Trend Inconclusive,Restricted,Least Concern,Trend Inconclusive,Resident,Moderate,Schedule-II,NA,Forest & Plantation,Andaman Islands,andsha1,NA,,2.61,"(-1.93,7.15)",0.503,"(0.5,0.5)",Resident,Forest & Plantation,Andaman Islands,in-andsha1,wdl-andsha1,an-andsha1,an-andsha1,X,X,pas-andsha1,,Andaman and Nicobar Islands,Andaman and Nicobar Islands
Nilgiri Flycatcher,NA,Kerala,NA,NA,kl-nilfly2,amithkumar.4,publish,https://wordpress-1024190-3615983.cloudwaysapps.com/wp-content/uploads/Nilgiri-Flycatcher_kl_rangemap.jpg,NA,standard,closed,closed,NA,0,0,Eumyias albicaudatus,0.04,"(-31.88,43.3)",-6.49,"(-8.33,-4.65)",1.68,"(1.67,1.7)",NA,https://wordpress-1024190-3615983.cloudwaysapps.com/wp-content/uploads/Nilgiri-Flycatcher_kl_rangemap.jpg,https://wordpress-1024190-3615983.cloudwaysapps.com/wp-content/uploads/originals/Nilgiri-Flycatcher_kl_rangemap.jpg,,,Rapid Decline,Restricted,Least Concern,Trend Inconclusive,Resident,High,Schedule-II,NA,Forest & Plantation,Western Ghats,nilfly2,NA,,NA,,3.298,"(3.27,3.33)",Resident,Forest & Plantation,Western Ghats,in-nilfly2,wdl-nilfly2,"ka-nilfly2,kl-nilfly2,tn-nilfly2",kl-nilfly2,X,X,pas-nilfly2,,Kerala,Kerala
Black-and-orange Flycatcher,NA,Kerala,NA,NA,kl-barfly1,amithkumar.4,publish,https://wordpress-1024190-3615983.cloudwaysapps.com/wp-content/uploads/Black-and-orange-Flycatcher_kl_rangemap.jpg,NA,standard,closed,closed,NA,0,0,Ficedula nigrorufa,116.16,"(68.73,184.49)",-4.84,"(-7.42,-2.26)",1.533,"(1.53,1.53)",NA,https://wordpress-1024190-3615983.cloudwaysapps.com/wp-content/uploads/Black-and-orange-Flycatcher_kl_rangemap.jpg,https://wordpress-1024190-3615983.cloudwaysapps.com/wp-content/uploads/originals/Black-and-orange-Flycatcher_kl_rangemap.jpg,,,Decline,Restricted,Least Concern,Rapid Increase,Resident,Moderate,Schedule-II,NA,Forest & Plantation,Western Ghats,barfly1,NA,,NA,,2.449,"(2.45,2.45)",Resident,Forest & Plantation,Western Ghats,in-barfly1,wdl-barfly1,"ka-barfly1,kl-barfly1,tn-barfly1",kl-barfly1,X,X,pas-barfly1,,Kerala,Kerala
Black-and-orange Flycatcher,NA,Tamil Nadu,NA,NA,tn-barfly1,amithkumar.4,publish,https://wordpress-1024190-3615983.cloudwaysapps.com/wp-content/uploads/Black-and-orange-Flycatcher_tn_rangemap.jpg,NA,standard,closed,closed,NA,0,0,Ficedula nigrorufa,-79.86,"(-85.02,-73.35)",-0.09,"(-2.98,2.8)",1.349,"(1.35,1.35)",NA,https://wordpress-1024190-3615983.cloudwaysapps.com/wp-content/uploads/Black-and-orange-Flycatcher_tn_rangemap.jpg,https://wordpress-1024190-3615983.cloudwaysapps.com/wp-content/uploads/originals/Black-and-orange-Flycatcher_tn_rangemap.jpg,,,Trend Inconclusive,Restricted,Least Concern,Rapid Decline,Resident,High,Schedule-II,NA,Forest & Plantation,Western Ghats,barfly1,NA,,NA,,2.449,"(2.45,2.45)",Resident,Forest & Plantation,Western Ghats,in-barfly1,wdl-barfly1,"ka-barfly1,kl-barfly1,tn-barfly1",tn-barfly1,X,X,pas-barfly1,,Tamil Nadu,Tamil Nadu
Vigors's Sunbird,NA,Goa,NA,NA,ga-wecsun1,amithkumar.4,publish,https://wordpress-1024190-3615983.cloudwaysapps.com/wp-content/uploads/Vigors_s-Sunbird_ga_rangemap.jpg,NA,standard,closed,closed,NA,0,0,Aethopyga vigorsii,165.81,"(74.55,320)",8.8,"(4.29,13.3)",0.477,"(0.47,0.48)",NA,https://wordpress-1024190-3615983.cloudwaysapps.com/wp-content/uploads/Vigors_s-Sunbird_ga_rangemap.jpg,https://wordpress-1024190-3615983.cloudwaysapps.com/wp-content/uploads/originals/Vigors_s-Sunbird_ga_rangemap.jpg,,,Trend Inconclusive,Moderate,Least Concern,Trend Inconclusive,Resident,Low,Schedule-II,NA,None,Western Ghats,wecsun1,NA,,-1.51,"(-3.62,0.59)",7.452,"(7.42,7.49)",Resident,None,Western Ghats,in-wecsun1,,"dn-wecsun1,ga-wecsun1,gj-wecsun1,ka-wecsun1,mh-wecsun1",ga-wecsun1,X,X,pas-wecsun1,,Goa,Goa
Black-and-yellow Grosbeak,NA,Himachal Pradesh,NA,NA,hp-baygro1,amithkumar.4,publish,https://wordpress-1024190-3615983.cloudwaysapps.com/wp-content/uploads/Black-and-yellow-Grosbeak_hp_rangemap.jpg,NA,standard,closed,closed,NA,0,0,Mycerobas icterioides,-83.5,"(-88.52,-76.32)",-6.25,"(-8.97,-3.53)",2.228,"(2.19,2.26)",NA,https://wordpress-1024190-3615983.cloudwaysapps.com/wp-content/uploads/Black-and-yellow-Grosbeak_hp_rangemap.jpg,https://wordpress-1024190-3615983.cloudwaysapps.com/wp-content/uploads/originals/Black-and-yellow-Grosbeak_hp_rangemap.jpg,,,Rapid Decline,Moderate,Least Concern,Rapid Decline,Resident,High,Schedule-II,NA,Forest,Western Himalayas,baygro1,NA,,-1.34,"(-4.08,1.39)",6.277,"(6.22,6.33)",Resident,Forest,Western Himalayas,in-baygro1,wdl-baygro1,"hp-baygro1,jk-baygro1,ul-baygro1",hp-baygro1,X,X,pas-baygro1,,Himachal Pradesh,Himachal Pradesh
Black-and-yellow Grosbeak,NA,Uttarakhand,NA,NA,ul-baygro1,amithkumar.4,publish,https://wordpress-1024190-3615983.cloudwaysapps.com/wp-content/uploads/Black-and-yellow-Grosbeak_ul_rangemap.jpg,NA,standard,closed,closed,NA,0,0,Mycerobas icterioides,-68.41,"(-77.81,-54.4)",4.24,"(-2.39,10.87)",2.09,"(2.06,2.12)",NA,https://wordpress-1024190-3615983.cloudwaysapps.com/wp-content/uploads/Black-and-yellow-Grosbeak_ul_rangemap.jpg,https://wordpress-1024190-3615983.cloudwaysapps.com/wp-content/uploads/originals/Black-and-yellow-Grosbeak_ul_rangemap.jpg,,,Trend Inconclusive,Moderate,Least Concern,Rapid Decline,Resident,Moderate,Schedule-II,NA,Forest,Western Himalayas,baygro1,NA,,-1.34,"(-4.08,1.39)",6.277,"(6.22,6.33)",Resident,Forest,Western Himalayas,in-baygro1,wdl-baygro1,"hp-baygro1,jk-baygro1,ul-baygro1",ul-baygro1,X,X,pas-baygro1,,Uttarakhand,Uttarakhand
Pink-browed Rosefinch,NA,Himachal Pradesh,NA,NA,hp-pibros2,amithkumar.4,publish,https://wordpress-1024190-3615983.cloudwaysapps.com/wp-content/uploads/Pink-browed-Rosefinch_hp_rangemap.jpg,NA,standard,closed,closed,NA,0,0,Carpodacus rodochroa,-9.24,"(-37.96,34.14)",1.66,"(-1.95,5.26)",3.647,"(3.62,3.67)",NA,https://wordpress-1024190-3615983.cloudwaysapps.com/wp-content/uploads/Pink-browed-Rosefinch_hp_rangemap.jpg,https://wordpress-1024190-3615983.cloudwaysapps.com/wp-content/uploads/originals/Pink-browed-Rosefinch_hp_rangemap.jpg,,,Trend Inconclusive,Moderate,Least Concern,Stable,Resident & Altitudinal Migrant,Low,Schedule-II,NA,None,Himalayas,pibros2,NA,,6.38,"(1.2,11.56)",9.89,"(9.85,9.93)",Resident & Altitudinal Migrant,None,Himalayas,in-pibros2,,"hp-pibros2,jk-pibros2,la-pibros2,sk-pibros2,ul-pibros2,wb-pibros2",hp-pibros2,X,X,pas-pibros2,,Himachal Pradesh,Himachal Pradesh
Himalayan White-browed Rosefinch,NA,Woodland,NA,NA,wdl-whbros1,amithkumar.4,publish,https://wordpress-1024190-3615983.cloudwaysapps.com/wp-content/uploads/Himalayan-White-browed-Rosefinch_in_rangemap.jpg,NA,standard,closed,closed,NA,0,0,Carpodacus thura,-75.1,"(-81.68,-66.87)",-2.31,"(-7.06,2.45)",2.028,"(2,2.06)",NA,https://wordpress-1024190-3615983.cloudwaysapps.com/wp-content/uploads/Himalayan-White-browed-Rosefinch_in_rangemap.jpg,https://wordpress-1024190-3615983.cloudwaysapps.com/wp-content/uploads/originals/Himalayan-White-browed-Rosefinch_in_rangemap.jpg,,,Trend Inconclusive,Restricted,Least Concern,Rapid Decline,Resident,High,Schedule-II,NA,Forest,Himalayas,whbros1,NA,,NA,,2.028,"(2,2.06)",Resident,Forest,Himalayas,in-whbros1,wdl-whbros1,"ar-whbros1,hp-whbros1,jk-whbros1,la-whbros1,sk-whbros1,ul-whbros1,wb-whbros1",wdl-whbros1,Woodland,X,pas-whbros1,,Woodland,Woodland
Brown Bullfinch,NA,West Bengal,NA,NA,wb-brobul1,amithkumar.4,publish,https://wordpress-1024190-3615983.cloudwaysapps.com/wp-content/uploads/Brown-Bullfinch_wb_rangemap.jpg,NA,standard,closed,closed,NA,0,0,Pyrrhula nipalensis,-71.36,"(-79.27,-59.03)",-3.69,"(-7.79,0.4)",0.29,"(0.28,0.3)",NA,https://wordpress-1024190-3615983.cloudwaysapps.com/wp-content/uploads/Brown-Bullfinch_wb_rangemap.jpg,https://wordpress-1024190-3615983.cloudwaysapps.com/wp-content/uploads/originals/Brown-Bullfinch_wb_rangemap.jpg,,,Trend Inconclusive,Restricted,Least Concern,Rapid Decline,Resident & Altitudinal Migrant,High,Schedule-II,NA,Forest,None,brobul1,NA,,NA,,3.633,"(3.57,3.69)",Resident & Altitudinal Migrant,Forest,None,in-brobul1,wdl-brobul1,"ar-brobul1,hp-brobul1,nl-brobul1,sk-brobul1,ul-brobul1,wb-brobul1",wb-brobul1,X,X,pas-brobul1,,West Bengal,West Bengal
Twite,NA,Protected Areas,NA,NA,pas-twite1,amithkumar.4,publish,https://wordpress-1024190-3615983.cloudwaysapps.com/wp-content/uploads/Twite_in_rangemap.jpg,NA,standard,closed,closed,NA,0,0,Linaria flavirostris,-26.34,"(-46.03,4.98)",-4.84,"(-8.36,-1.32)",3.966,"(3.92,4.01)",NA,https://wordpress-1024190-3615983.cloudwaysapps.com/wp-content/uploads/Twite_in_rangemap.jpg,https://wordpress-1024190-3615983.cloudwaysapps.com/wp-content/uploads/originals/Twite_in_rangemap.jpg,,,Trend Inconclusive,Restricted,Least Concern,Trend Inconclusive,Resident,Moderate,Schedule-II,NA,Alpine & Cold Desert,None,twite1,NA,,NA,,3.966,"(3.92,4.01)",Resident,Alpine & Cold Desert,None,in-twite1,one-twite1,"hp-twite1,jk-twite1,la-twite1,sk-twite1,ul-twite1",pas-twite1,X,Protected Areas,pas-twite1,,Protected Areas,Protected Areas
