"eBird.English.Name.2024","SoIB.Major.Update.Long.Term.Status","SoIB.Major.Update.Current.Status","SoIB.Major.Update.Range.Status","SoIB.Major.Update.Priority.Status"
"Fulvous Whistling-Duck","Insufficient Data","Insufficient Data",NA,"Low"
"Lesser Whistling-Duck","Insufficient Data","Insufficient Data",NA,"Low"
"Bar-headed Goose","Insufficient Data","Insufficient Data",NA,"Low"
"Graylag Goose","Insufficient Data","Insufficient Data",NA,"Low"
"Greater White-fronted Goose",NA,NA,NA,NA
"Lesser White-fronted Goose",NA,NA,NA,NA
"Taiga Bean-Goose",NA,NA,NA,NA
"Tundra Bean-Goose",NA,NA,NA,NA
"Red-breasted Goose",NA,NA,NA,NA
"Mute Swan",NA,NA,NA,NA
"Tundra Swan",NA,NA,NA,NA
"Whooper Swan",NA,NA,NA,NA
"Knob-billed Duck","Insufficient Data","Insufficient Data",NA,"Low"
"Ruddy Shelduck","Insufficient Data","Insufficient Data",NA,"Low"
"Common Shelduck",NA,NA,NA,NA
"Cotton Pygmy-Goose","Insufficient Data","Insufficient Data",NA,"Low"
"Mandarin Duck",NA,NA,NA,NA
"Baikal Teal",NA,NA,NA,NA
"Garganey","Insufficient Data","Insufficient Data",NA,"Low"
"Northern Shoveler","Insufficient Data","Insufficient Data",NA,"Low"
"Gadwall","Insufficient Data","Insufficient Data",NA,"Low"
"Falcated Duck",NA,NA,NA,NA
"Eurasian Wigeon","Insufficient Data","Insufficient Data",NA,"Low"
"Indian Spot-billed Duck","Insufficient Data","Insufficient Data",NA,"Low"
"Eastern Spot-billed Duck",NA,NA,NA,NA
"Mallard",NA,NA,NA,NA
"Northern Pintail","Insufficient Data","Insufficient Data",NA,"Low"
"Green-winged Teal","Insufficient Data","Insufficient Data",NA,"Low"
"Andaman Teal",NA,NA,NA,NA
"Marbled Duck",NA,NA,NA,NA
"Pink-headed Duck",NA,NA,NA,NA
"White-winged Duck",NA,NA,NA,NA
"Red-crested Pochard","Insufficient Data","Insufficient Data",NA,"Low"
"Common Pochard","Insufficient Data","Insufficient Data",NA,"Moderate"
"Ferruginous Duck","Insufficient Data","Insufficient Data",NA,"Moderate"
"Baer's Pochard",NA,NA,NA,NA
"Tufted Duck","Insufficient Data","Insufficient Data",NA,"Low"
"Greater Scaup",NA,NA,NA,NA
"Long-tailed Duck",NA,NA,NA,NA
"Common Goldeneye",NA,NA,NA,NA
"Smew",NA,NA,NA,NA
"Common Merganser",NA,NA,NA,NA
"Red-breasted Merganser",NA,NA,NA,NA
"White-headed Duck",NA,NA,NA,NA
"Nicobar Megapode",NA,NA,NA,NA
"Hill Partridge",NA,NA,NA,NA
"Chestnut-breasted Partridge",NA,NA,NA,NA
"Rufous-throated Partridge",NA,NA,NA,NA
"White-cheeked Partridge",NA,NA,NA,NA
"Snow Partridge",NA,NA,NA,NA
"Blood Pheasant",NA,NA,NA,NA
"Western Tragopan",NA,NA,NA,NA
"Satyr Tragopan",NA,NA,NA,NA
"Blyth's Tragopan",NA,NA,NA,NA
"Temminck's Tragopan",NA,NA,NA,NA
"Himalayan Monal",NA,NA,NA,NA
"Sclater's Monal",NA,NA,NA,NA
"Koklass Pheasant",NA,NA,NA,NA
"Tibetan Partridge",NA,NA,NA,NA
"Mrs. Hume's Pheasant",NA,NA,NA,NA
"Cheer Pheasant",NA,NA,NA,NA
"Kalij Pheasant",NA,NA,NA,NA
"Indian Peafowl","Insufficient Data","Insufficient Data",NA,"Moderate"
"Green Peafowl",NA,NA,NA,NA
"Red Spurfowl","Insufficient Data","Insufficient Data",NA,"Moderate"
"Painted Spurfowl","Insufficient Data","Trend Inconclusive",NA,"Low"
"Gray Peacock-Pheasant",NA,NA,NA,NA
"Mountain Bamboo-Partridge",NA,NA,NA,NA
"Red Junglefowl","Insufficient Data","Insufficient Data",NA,"Low"
"Gray Junglefowl","Insufficient Data","Insufficient Data",NA,"Moderate"
"Gray Francolin","Insufficient Data","Insufficient Data",NA,"Low"
"Swamp Francolin",NA,NA,NA,NA
"Chinese Francolin",NA,NA,NA,NA
"Black Francolin",NA,NA,NA,NA
"Painted Francolin","Insufficient Data","Trend Inconclusive",NA,"Low"
"Tibetan Snowcock",NA,NA,NA,NA
"Himalayan Snowcock",NA,NA,NA,NA
"Blue-breasted Quail",NA,NA,NA,NA
"Common Quail",NA,NA,NA,NA
"Japanese Quail",NA,NA,NA,NA
"Rain Quail","Insufficient Data","Insufficient Data",NA,"Low"
"Chukar",NA,NA,NA,NA
"Jungle Bush-Quail","Insufficient Data","Insufficient Data",NA,"Moderate"
"Rock Bush-Quail","Insufficient Data","Insufficient Data",NA,"Moderate"
"Painted Bush-Quail",NA,NA,NA,NA
"Manipur Bush-Quail",NA,NA,NA,NA
"Himalayan Quail",NA,NA,NA,NA
"Greater Flamingo","Insufficient Data","Insufficient Data",NA,"Low"
"Lesser Flamingo",NA,NA,NA,NA
"Little Grebe","Insufficient Data","Insufficient Data",NA,"Low"
"Horned Grebe",NA,NA,NA,NA
"Red-necked Grebe",NA,NA,NA,NA
"Great Crested Grebe",NA,NA,NA,NA
"Eared Grebe",NA,NA,NA,NA
"Rock Pigeon","Insufficient Data","Insufficient Data",NA,"Low"
"Hill Pigeon",NA,NA,NA,NA
"Snow Pigeon",NA,NA,NA,NA
"Yellow-eyed Pigeon",NA,NA,NA,NA
"Common Wood-Pigeon",NA,NA,NA,NA
"Speckled Wood-Pigeon",NA,NA,NA,NA
"Ashy Wood-Pigeon",NA,NA,NA,NA
"Nilgiri Wood-Pigeon",NA,NA,NA,NA
"Pale-capped Pigeon","Insufficient Data","Insufficient Data",NA,"High"
"Andaman Wood-Pigeon",NA,NA,NA,NA
"European Turtle-Dove",NA,NA,NA,NA
"Oriental Turtle-Dove","Insufficient Data","Insufficient Data",NA,"Low"
"Eurasian Collared-Dove","Insufficient Data","Insufficient Data",NA,"Low"
"Red Collared-Dove","Insufficient Data","Insufficient Data",NA,"Low"
"Spotted Dove","Insufficient Data","Insufficient Data",NA,"Low"
"Laughing Dove","Insufficient Data","Insufficient Data",NA,"Low"
"Barred Cuckoo-Dove",NA,NA,NA,NA
"Andaman Cuckoo-Dove",NA,NA,NA,NA
"Namaqua Dove",NA,NA,NA,NA
"Asian Emerald Dove","Insufficient Data","Insufficient Data",NA,"Low"
"Nicobar Pigeon",NA,NA,NA,NA
"Orange-breasted Green-Pigeon","Insufficient Data","Insufficient Data",NA,"Moderate"
"Gray-fronted Green-Pigeon",NA,NA,NA,NA
"Andaman Green-Pigeon",NA,NA,NA,NA
"Ashy-headed Green-Pigeon",NA,NA,NA,NA
"Thick-billed Green-Pigeon","Insufficient Data","Insufficient Data",NA,"Low"
"Yellow-footed Green-Pigeon","Insufficient Data","Insufficient Data",NA,"Low"
"Pin-tailed Green-Pigeon",NA,NA,NA,NA
"Wedge-tailed Green-Pigeon",NA,NA,NA,NA
"Green Imperial-Pigeon","Insufficient Data","Insufficient Data",NA,"Moderate"
"Nicobar Imperial-Pigeon",NA,NA,NA,NA
"Malabar Imperial-Pigeon",NA,NA,NA,NA
"Mountain Imperial-Pigeon",NA,NA,NA,NA
"Pied Imperial-Pigeon",NA,NA,NA,NA
"Tibetan Sandgrouse",NA,NA,NA,NA
"Pallas's Sandgrouse",NA,NA,NA,NA
"Pin-tailed Sandgrouse",NA,NA,NA,NA
"Chestnut-bellied Sandgrouse","Insufficient Data","Trend Inconclusive",NA,"Low"
"Spotted Sandgrouse",NA,NA,NA,NA
"Black-bellied Sandgrouse",NA,NA,NA,NA
"Painted Sandgrouse","Insufficient Data","Insufficient Data",NA,"Moderate"
"Great Indian Bustard",NA,NA,NA,NA
"Asian Houbara",NA,NA,NA,NA
"Bengal Florican",NA,NA,NA,NA
"Lesser Florican","Insufficient Data","Insufficient Data",NA,"High"
"Little Bustard",NA,NA,NA,NA
"Andaman Coucal",NA,NA,NA,NA
"Greater Coucal","Insufficient Data","Insufficient Data",NA,"Low"
"Lesser Coucal",NA,NA,NA,NA
"Sirkeer Malkoha","Insufficient Data","Trend Inconclusive",NA,"Low"
"Blue-faced Malkoha","Insufficient Data","Insufficient Data",NA,"Moderate"
"Green-billed Malkoha","Insufficient Data","Insufficient Data",NA,"Low"
"Chestnut-winged Cuckoo",NA,NA,NA,NA
"Pied Cuckoo","Insufficient Data","Insufficient Data",NA,"Low"
"Asian Koel","Insufficient Data","Insufficient Data",NA,"Low"
"Asian Emerald Cuckoo",NA,NA,NA,NA
"Violet Cuckoo",NA,NA,NA,NA
"Horsfield's Bronze-Cuckoo",NA,NA,NA,NA
"Banded Bay Cuckoo","Insufficient Data","Insufficient Data",NA,"Low"
"Plaintive Cuckoo","Insufficient Data","Insufficient Data",NA,"Low"
"Gray-bellied Cuckoo","Insufficient Data","Insufficient Data",NA,"Moderate"
"Fork-tailed Drongo-Cuckoo","Insufficient Data","Insufficient Data",NA,"Moderate"
"Square-tailed Drongo-Cuckoo",NA,NA,NA,NA
"Large Hawk-Cuckoo",NA,NA,NA,NA
"Common Hawk-Cuckoo","Insufficient Data","Insufficient Data",NA,"Moderate"
"Hodgson's Hawk-Cuckoo",NA,NA,NA,NA
"Lesser Cuckoo",NA,NA,NA,NA
"Indian Cuckoo","Insufficient Data","Insufficient Data",NA,"Low"
"Himalayan Cuckoo",NA,NA,NA,NA
"Common Cuckoo","Insufficient Data","Insufficient Data",NA,"Low"
"Sri Lanka Frogmouth",NA,NA,NA,NA
"Hodgson's Frogmouth",NA,NA,NA,NA
"Great Eared-Nightjar",NA,NA,NA,NA
"Jungle Nightjar",NA,NA,NA,NA
"Gray Nightjar",NA,NA,NA,NA
"Eurasian Nightjar",NA,NA,NA,NA
"Sykes's Nightjar",NA,NA,NA,NA
"Large-tailed Nightjar",NA,NA,NA,NA
"Andaman Nightjar",NA,NA,NA,NA
"Jerdon's Nightjar",NA,NA,NA,NA
"Indian Nightjar",NA,NA,NA,NA
"Savanna Nightjar",NA,NA,NA,NA
"White-rumped Spinetail","Insufficient Data","Insufficient Data",NA,"Moderate"
"White-throated Needletail",NA,NA,NA,NA
"Silver-backed Needletail",NA,NA,NA,NA
"Brown-backed Needletail",NA,NA,NA,NA
"Plume-toed Swiftlet",NA,NA,NA,NA
"Indian Swiftlet",NA,NA,NA,NA
"Himalayan Swiftlet",NA,NA,NA,NA
"White-nest Swiftlet",NA,NA,NA,NA
"Alpine Swift","Insufficient Data","Insufficient Data",NA,"Low"
"Common Swift",NA,NA,NA,NA
"Pacific Swift",NA,NA,NA,NA
"Blyth's Swift",NA,NA,NA,NA
"Dark-rumped Swift",NA,NA,NA,NA
"Little Swift","Insufficient Data","Insufficient Data",NA,"Low"
"House Swift",NA,NA,NA,NA
"Asian Palm Swift","Insufficient Data","Insufficient Data",NA,"Low"
"Crested Treeswift","Insufficient Data","Insufficient Data",NA,"Low"
"Water Rail",NA,NA,NA,NA
"Brown-cheeked Rail",NA,NA,NA,NA
"Corn Crake",NA,NA,NA,NA
"Slaty-breasted Rail","Insufficient Data","Insufficient Data",NA,"Low"
"Spotted Crake",NA,NA,NA,NA
"Eurasian Moorhen","Insufficient Data","Insufficient Data",NA,"Low"
"Eurasian Coot","Insufficient Data","Insufficient Data",NA,"Low"
"Gray-headed Swamphen","Insufficient Data","Insufficient Data",NA,"Low"
"White-browed Crake",NA,NA,NA,NA
"Watercock","Insufficient Data","Insufficient Data",NA,"Low"
"White-breasted Waterhen","Insufficient Data","Insufficient Data",NA,"Low"
"Andaman Crake",NA,NA,NA,NA
"Red-legged Crake",NA,NA,NA,NA
"Slaty-legged Crake",NA,NA,NA,NA
"Ruddy-breasted Crake","Insufficient Data","Insufficient Data",NA,"Low"
"Brown Crake","Insufficient Data","Insufficient Data",NA,"Low"
"Little Crake",NA,NA,NA,NA
"Baillon's Crake","Insufficient Data","Insufficient Data",NA,"Low"
"Black-tailed Crake",NA,NA,NA,NA
"Masked Finfoot",NA,NA,NA,NA
"Demoiselle Crane","Insufficient Data","Insufficient Data",NA,"Low"
"Siberian Crane",NA,NA,NA,NA
"Sarus Crane",NA,NA,NA,NA
"Common Crane",NA,NA,NA,NA
"Black-necked Crane",NA,NA,NA,NA
"Indian Thick-knee","Insufficient Data","Trend Inconclusive",NA,"Low"
"Great Thick-knee","Insufficient Data","Insufficient Data",NA,"Moderate"
"Beach Thick-knee",NA,NA,NA,NA
"Black-winged Stilt","Insufficient Data","Insufficient Data",NA,"Low"
"Pied Avocet","Insufficient Data","Insufficient Data",NA,"Low"
"Ibisbill",NA,NA,NA,NA
"Eurasian Oystercatcher",NA,NA,NA,NA
"Black-bellied Plover","Insufficient Data","Insufficient Data",NA,"Low"
"European Golden-Plover",NA,NA,NA,NA
"American Golden-Plover",NA,NA,NA,NA
"Pacific Golden-Plover","Insufficient Data","Insufficient Data",NA,"Low"
"Northern Lapwing",NA,NA,NA,NA
"River Lapwing","Insufficient Data","Insufficient Data",NA,"Moderate"
"Yellow-wattled Lapwing","Insufficient Data","Insufficient Data",NA,"Moderate"
"Gray-headed Lapwing","Insufficient Data","Insufficient Data",NA,"Low"
"Red-wattled Lapwing","Insufficient Data","Insufficient Data",NA,"Low"
"Sociable Lapwing",NA,NA,NA,NA
"White-tailed Lapwing","Insufficient Data","Insufficient Data",NA,"Low"
"Tibetan Sand-Plover","Insufficient Data","Insufficient Data",NA,"Low"
"Greater Sand-Plover",NA,NA,NA,NA
"Caspian Plover",NA,NA,NA,NA
"Kentish Plover","Insufficient Data","Trend Inconclusive",NA,"Low"
"Common Ringed Plover",NA,NA,NA,NA
"Long-billed Plover",NA,NA,NA,NA
"Little Ringed Plover","Insufficient Data","Insufficient Data",NA,"Low"
"Oriental Plover",NA,NA,NA,NA
"Greater Painted-Snipe","Insufficient Data","Insufficient Data",NA,"Low"
"Pheasant-tailed Jacana","Insufficient Data","Insufficient Data",NA,"Low"
"Bronze-winged Jacana","Insufficient Data","Insufficient Data",NA,"Low"
"Whimbrel",NA,NA,NA,NA
"Eurasian Curlew","Insufficient Data","Insufficient Data",NA,"Moderate"
"Bar-tailed Godwit",NA,NA,NA,NA
"Black-tailed Godwit","Insufficient Data","Insufficient Data",NA,"Moderate"
"Ruddy Turnstone",NA,NA,NA,NA
"Great Knot",NA,NA,NA,NA
"Red Knot",NA,NA,NA,NA
"Ruff","Insufficient Data","Insufficient Data",NA,"Low"
"Broad-billed Sandpiper",NA,NA,NA,NA
"Sharp-tailed Sandpiper",NA,NA,NA,NA
"Curlew Sandpiper","Insufficient Data","Insufficient Data",NA,"Moderate"
"Temminck's Stint","Insufficient Data","Insufficient Data",NA,"Low"
"Long-toed Stint",NA,NA,NA,NA
"Spoon-billed Sandpiper",NA,NA,NA,NA
"Red-necked Stint",NA,NA,NA,NA
"Sanderling",NA,NA,NA,NA
"Dunlin","Insufficient Data","Insufficient Data",NA,"Low"
"Little Stint","Insufficient Data","Insufficient Data",NA,"Low"
"Buff-breasted Sandpiper",NA,NA,NA,NA
"Pectoral Sandpiper",NA,NA,NA,NA
"Asian Dowitcher",NA,NA,NA,NA
"Long-billed Dowitcher",NA,NA,NA,NA
"Jack Snipe",NA,NA,NA,NA
"Eurasian Woodcock",NA,NA,NA,NA
"Solitary Snipe",NA,NA,NA,NA
"Wood Snipe",NA,NA,NA,NA
"Great Snipe",NA,NA,NA,NA
"Common Snipe","Insufficient Data","Insufficient Data",NA,"Low"
"Pin-tailed Snipe","Insufficient Data","Insufficient Data",NA,"Low"
"Swinhoe's Snipe",NA,NA,NA,NA
"Terek Sandpiper",NA,NA,NA,NA
"Red-necked Phalarope",NA,NA,NA,NA
"Red Phalarope",NA,NA,NA,NA
"Common Sandpiper","Insufficient Data","Insufficient Data",NA,"Low"
"Green Sandpiper","Insufficient Data","Insufficient Data",NA,"Low"
"Gray-tailed Tattler",NA,NA,NA,NA
"Spotted Redshank","Insufficient Data","Insufficient Data",NA,"Low"
"Common Greenshank","Insufficient Data","Insufficient Data",NA,"Low"
"Nordmann's Greenshank",NA,NA,NA,NA
"Marsh Sandpiper","Insufficient Data","Insufficient Data",NA,"Low"
"Wood Sandpiper","Insufficient Data","Insufficient Data",NA,"Low"
"Common Redshank","Insufficient Data","Insufficient Data",NA,"Low"
"Small Buttonquail",NA,NA,NA,NA
"Yellow-legged Buttonquail",NA,NA,NA,NA
"Barred Buttonquail","Insufficient Data","Insufficient Data",NA,"Low"
"Crab-Plover",NA,NA,NA,NA
"Cream-colored Courser",NA,NA,NA,NA
"Indian Courser","Insufficient Data","Insufficient Data",NA,"Moderate"
"Jerdon's Courser","Insufficient Data","Insufficient Data",NA,"High"
"Collared Pratincole",NA,NA,NA,NA
"Oriental Pratincole","Insufficient Data","Insufficient Data",NA,"Low"
"Small Pratincole","Insufficient Data","Insufficient Data",NA,"Low"
"South Polar Skua",NA,NA,NA,NA
"Brown Skua",NA,NA,NA,NA
"Pomarine Jaeger",NA,NA,NA,NA
"Parasitic Jaeger",NA,NA,NA,NA
"Long-tailed Jaeger",NA,NA,NA,NA
"Black-legged Kittiwake",NA,NA,NA,NA
"Sabine's Gull",NA,NA,NA,NA
"Slender-billed Gull",NA,NA,NA,NA
"Black-headed Gull","Insufficient Data","Insufficient Data",NA,"Low"
"Brown-headed Gull","Insufficient Data","Insufficient Data",NA,"Low"
"Little Gull",NA,NA,NA,NA
"Franklin's Gull",NA,NA,NA,NA
"White-eyed Gull",NA,NA,NA,NA
"Sooty Gull",NA,NA,NA,NA
"Pallas's Gull",NA,NA,NA,NA
"Common Gull",NA,NA,NA,NA
"Mongolian Gull",NA,NA,NA,NA
"Caspian Gull",NA,NA,NA,NA
"Lesser Black-backed Gull",NA,NA,NA,NA
"Brown Noddy",NA,NA,NA,NA
"Black Noddy",NA,NA,NA,NA
"Lesser Noddy",NA,NA,NA,NA
"White Tern",NA,NA,NA,NA
"Sooty Tern",NA,NA,NA,NA
"Bridled Tern",NA,NA,NA,NA
"Little Tern","Insufficient Data","Insufficient Data",NA,"Low"
"Saunders's Tern",NA,NA,NA,NA
"Gull-billed Tern","Insufficient Data","Insufficient Data",NA,"Low"
"Caspian Tern",NA,NA,NA,NA
"Black Tern",NA,NA,NA,NA
"White-winged Tern",NA,NA,NA,NA
"Whiskered Tern","Insufficient Data","Insufficient Data",NA,"Low"
"Roseate Tern",NA,NA,NA,NA
"Black-naped Tern",NA,NA,NA,NA
"Common Tern",NA,NA,NA,NA
"Arctic Tern",NA,NA,NA,NA
"Black-bellied Tern","Insufficient Data","Insufficient Data",NA,"High"
"River Tern","Insufficient Data","Insufficient Data",NA,"Moderate"
"White-cheeked Tern",NA,NA,NA,NA
"Great Crested Tern",NA,NA,NA,NA
"Sandwich Tern",NA,NA,NA,NA
"Lesser Crested Tern",NA,NA,NA,NA
"Indian Skimmer",NA,NA,NA,NA
"White-tailed Tropicbird",NA,NA,NA,NA
"Red-billed Tropicbird",NA,NA,NA,NA
"Red-tailed Tropicbird",NA,NA,NA,NA
"Red-throated Loon",NA,NA,NA,NA
"Arctic Loon",NA,NA,NA,NA
"Light-mantled Albatross",NA,NA,NA,NA
"Wilson's Storm-Petrel",NA,NA,NA,NA
"White-faced Storm-Petrel",NA,NA,NA,NA
"Black-bellied Storm-Petrel",NA,NA,NA,NA
"Swinhoe's Storm-Petrel",NA,NA,NA,NA
"Barau's Petrel",NA,NA,NA,NA
"Jouanin's Petrel",NA,NA,NA,NA
"Streaked Shearwater",NA,NA,NA,NA
"Cory's Shearwater",NA,NA,NA,NA
"Flesh-footed Shearwater",NA,NA,NA,NA
"Wedge-tailed Shearwater",NA,NA,NA,NA
"Sooty Shearwater",NA,NA,NA,NA
"Short-tailed Shearwater",NA,NA,NA,NA
"Tropical Shearwater",NA,NA,NA,NA
"Persian Shearwater",NA,NA,NA,NA
"Asian Openbill","Insufficient Data","Insufficient Data",NA,"Low"
"Black Stork","Insufficient Data","Insufficient Data",NA,"Low"
"Asian Woolly-necked Stork","Insufficient Data","Insufficient Data",NA,"Moderate"
"White Stork",NA,NA,NA,NA
"Black-necked Stork",NA,NA,NA,NA
"Lesser Adjutant","Insufficient Data","Insufficient Data",NA,"Moderate"
"Greater Adjutant",NA,NA,NA,NA
"Painted Stork","Insufficient Data","Insufficient Data",NA,"Moderate"
"Lesser Frigatebird",NA,NA,NA,NA
"Christmas Island Frigatebird",NA,NA,NA,NA
"Great Frigatebird",NA,NA,NA,NA
"Masked Booby",NA,NA,NA,NA
"Brown Booby",NA,NA,NA,NA
"Red-footed Booby",NA,NA,NA,NA
"Oriental Darter","Insufficient Data","Insufficient Data",NA,"Moderate"
"Little Cormorant","Insufficient Data","Insufficient Data",NA,"Low"
"Great Cormorant","Insufficient Data","Insufficient Data",NA,"Low"
"Indian Cormorant","Insufficient Data","Insufficient Data",NA,"Low"
"Great White Pelican",NA,NA,NA,NA
"Spot-billed Pelican","Insufficient Data","Insufficient Data",NA,"Moderate"
"Dalmatian Pelican",NA,NA,NA,NA
"Eurasian Bittern",NA,NA,NA,NA
"Yellow Bittern","Insufficient Data","Insufficient Data",NA,"Low"
"Little Bittern",NA,NA,NA,NA
"Cinnamon Bittern","Insufficient Data","Insufficient Data",NA,"Low"
"Black Bittern","Insufficient Data","Insufficient Data",NA,"Low"
"Gray Heron","Insufficient Data","Insufficient Data",NA,"Low"
"White-bellied Heron",NA,NA,NA,NA
"Goliath Heron",NA,NA,NA,NA
"Purple Heron","Insufficient Data","Insufficient Data",NA,"Low"
"Great Egret","Insufficient Data","Insufficient Data",NA,"Low"
"Medium Egret","Insufficient Data","Insufficient Data",NA,"Low"
"Chinese Egret",NA,NA,NA,NA
"Little Egret","Insufficient Data","Insufficient Data",NA,"Low"
"Western Reef-Heron","Insufficient Data","Insufficient Data",NA,"Low"
"Pacific Reef-Heron",NA,NA,NA,NA
"Eastern Cattle-Egret","Insufficient Data","Insufficient Data",NA,"Low"
"Indian Pond-Heron","Insufficient Data","Insufficient Data",NA,"Low"
"Chinese Pond-Heron",NA,NA,NA,NA
"Javan Pond-Heron",NA,NA,NA,NA
"Striated Heron","Insufficient Data","Insufficient Data",NA,"Low"
"Black-crowned Night Heron","Insufficient Data","Insufficient Data",NA,"Low"
"White-eared Night Heron",NA,NA,NA,NA
"Malayan Night Heron",NA,NA,NA,NA
"Glossy Ibis","Insufficient Data","Insufficient Data",NA,"Low"
"Black-headed Ibis","Insufficient Data","Insufficient Data",NA,"Moderate"
"Red-naped Ibis","Insufficient Data","Insufficient Data",NA,"Moderate"
"Eurasian Spoonbill","Insufficient Data","Insufficient Data",NA,"Low"
"Osprey","Insufficient Data","Insufficient Data",NA,"Low"
"Black-winged Kite","Insufficient Data","Insufficient Data",NA,"Low"
"Bearded Vulture",NA,NA,NA,NA
"Egyptian Vulture","Insufficient Data","Insufficient Data",NA,"High"
"European Honey-buzzard",NA,NA,NA,NA
"Oriental Honey-buzzard","Insufficient Data","Insufficient Data",NA,"Low"
"Jerdon's Baza","Insufficient Data","Insufficient Data",NA,"Low"
"Black Baza",NA,NA,NA,NA
"Red-headed Vulture","Insufficient Data","Insufficient Data",NA,"High"
"Cinereous Vulture","Insufficient Data","Insufficient Data",NA,"Moderate"
"White-rumped Vulture","Insufficient Data","Insufficient Data",NA,"High"
"Indian Vulture","Insufficient Data","Insufficient Data",NA,"High"
"Slender-billed Vulture",NA,NA,NA,NA
"Himalayan Griffon",NA,NA,NA,NA
"Eurasian Griffon","Insufficient Data","Insufficient Data",NA,"Low"
"Nicobar Serpent-Eagle",NA,NA,NA,NA
"Crested Serpent-Eagle","Insufficient Data","Insufficient Data",NA,"Low"
"Andaman Serpent-Eagle",NA,NA,NA,NA
"Short-toed Snake-Eagle","Insufficient Data","Insufficient Data",NA,"Low"
"Changeable Hawk-Eagle","Insufficient Data","Insufficient Data",NA,"Low"
"Mountain Hawk-Eagle",NA,NA,NA,NA
"Legge's Hawk-Eagle",NA,NA,NA,NA
"Rufous-bellied Eagle","Insufficient Data","Insufficient Data",NA,"Moderate"
"Black Eagle","Insufficient Data","Insufficient Data",NA,"Low"
"Indian Spotted Eagle","Insufficient Data","Insufficient Data",NA,"Moderate"
"Greater Spotted Eagle",NA,NA,NA,NA
"Booted Eagle","Insufficient Data","Insufficient Data",NA,"Low"
"Tawny Eagle",NA,NA,NA,NA
"Steppe Eagle","Insufficient Data","Insufficient Data",NA,"High"
"Imperial Eagle",NA,NA,NA,NA
"Golden Eagle",NA,NA,NA,NA
"Bonelli's Eagle","Insufficient Data","Insufficient Data",NA,"Low"
"White-eyed Buzzard","Insufficient Data","Insufficient Data",NA,"Low"
"Rufous-winged Buzzard",NA,NA,NA,NA
"Gray-faced Buzzard",NA,NA,NA,NA
"Western Marsh Harrier","Insufficient Data","Insufficient Data",NA,"Low"
"Eastern Marsh Harrier",NA,NA,NA,NA
"Hen Harrier","Insufficient Data","Insufficient Data",NA,"Low"
"Pallid Harrier","Insufficient Data","Insufficient Data",NA,"Moderate"
"Pied Harrier","Insufficient Data","Insufficient Data",NA,"Low"
"Montagu's Harrier","Insufficient Data","Insufficient Data",NA,"Low"
"Crested Goshawk","Insufficient Data","Insufficient Data",NA,"Low"
"Shikra","Insufficient Data","Insufficient Data",NA,"Low"
"Nicobar Sparrowhawk",NA,NA,NA,NA
"Chinese Sparrowhawk",NA,NA,NA,NA
"Japanese Sparrowhawk",NA,NA,NA,NA
"Besra","Insufficient Data","Insufficient Data",NA,"Low"
"Eurasian Sparrowhawk","Insufficient Data","Insufficient Data",NA,"Low"
"Eurasian Goshawk",NA,NA,NA,NA
"Red Kite",NA,NA,NA,NA
"Black Kite","Insufficient Data","Insufficient Data",NA,"Low"
"Brahminy Kite","Rapid Decline","Rapid Decline",NA,"High"
"White-tailed Eagle",NA,NA,NA,NA
"Pallas's Fish-Eagle",NA,NA,NA,NA
"White-bellied Sea-Eagle",NA,NA,NA,NA
"Lesser Fish-Eagle",NA,NA,NA,NA
"Gray-headed Fish-Eagle","Insufficient Data","Insufficient Data",NA,"Moderate"
"Rough-legged Hawk",NA,NA,NA,NA
"Common Buzzard",NA,NA,NA,NA
"Himalayan Buzzard",NA,NA,NA,NA
"Long-legged Buzzard","Insufficient Data","Insufficient Data",NA,"Low"
"Upland Buzzard",NA,NA,NA,NA
"Australasian Grass-Owl",NA,NA,NA,NA
"Eastern Barn Owl",NA,NA,NA,NA
"Andaman Masked-Owl",NA,NA,NA,NA
"Oriental Bay-Owl",NA,NA,NA,NA
"Sri Lanka Bay-Owl",NA,NA,NA,NA
"Andaman Scops-Owl",NA,NA,NA,NA
"Mountain Scops-Owl",NA,NA,NA,NA
"Indian Scops-Owl",NA,NA,NA,NA
"Collared Scops-Owl",NA,NA,NA,NA
"Nicobar Scops-Owl",NA,NA,NA,NA
"Eurasian Scops-Owl",NA,NA,NA,NA
"Pallid Scops-Owl",NA,NA,NA,NA
"Oriental Scops-Owl",NA,NA,NA,NA
"Eurasian Eagle-Owl",NA,NA,NA,NA
"Rock Eagle-Owl",NA,NA,NA,NA
"Spot-bellied Eagle-Owl",NA,NA,NA,NA
"Dusky Eagle-Owl","Insufficient Data","Insufficient Data",NA,"Moderate"
"Brown Fish-Owl","Insufficient Data","Insufficient Data",NA,"Low"
"Tawny Fish-Owl",NA,NA,NA,NA
"Buffy Fish-Owl",NA,NA,NA,NA
"Asian Barred Owlet",NA,NA,NA,NA
"Jungle Owlet","Insufficient Data","Insufficient Data",NA,"Moderate"
"Collared Owlet",NA,NA,NA,NA
"Spotted Owlet",NA,NA,NA,NA
"Little Owl",NA,NA,NA,NA
"Forest Owlet",NA,NA,NA,NA
"Mottled Wood-Owl",NA,NA,NA,NA
"Brown Wood-Owl",NA,NA,NA,NA
"Tawny Owl",NA,NA,NA,NA
"Himalayan Owl",NA,NA,NA,NA
"Long-eared Owl",NA,NA,NA,NA
"Short-eared Owl","Insufficient Data","Insufficient Data",NA,"Low"
"Boreal Owl",NA,NA,NA,NA
"Andaman Boobook",NA,NA,NA,NA
"Brown Boobook",NA,NA,NA,NA
"Hume's Boobook",NA,NA,NA,NA
"Malabar Trogon","Insufficient Data","Insufficient Data",NA,"Moderate"
"Red-headed Trogon",NA,NA,NA,NA
"Ward's Trogon",NA,NA,NA,NA
"Eurasian Hoopoe","Insufficient Data","Insufficient Data",NA,"Low"
"Great Hornbill",NA,NA,NA,NA
"Brown Hornbill",NA,NA,NA,NA
"Indian Gray Hornbill","Insufficient Data","Insufficient Data",NA,"Moderate"
"Malabar Gray Hornbill",NA,NA,NA,NA
"Malabar Pied-Hornbill","Insufficient Data","Insufficient Data",NA,"Moderate"
"Oriental Pied-Hornbill",NA,NA,NA,NA
"Rufous-necked Hornbill",NA,NA,NA,NA
"Wreathed Hornbill",NA,NA,NA,NA
"Narcondam Hornbill",NA,NA,NA,NA
"Blyth's Kingfisher",NA,NA,NA,NA
"Common Kingfisher","Insufficient Data","Insufficient Data",NA,"Low"
"Blue-eared Kingfisher",NA,NA,NA,NA
"Black-backed Dwarf-Kingfisher",NA,NA,NA,NA
"Rufous-backed Dwarf-Kingfisher",NA,NA,NA,NA
"Brown-winged Kingfisher",NA,NA,NA,NA
"Stork-billed Kingfisher","Insufficient Data","Insufficient Data",NA,"Low"
"Ruddy Kingfisher",NA,NA,NA,NA
"White-throated Kingfisher","Insufficient Data","Insufficient Data",NA,"Low"
"Black-capped Kingfisher","Insufficient Data","Insufficient Data",NA,"Moderate"
"Collared Kingfisher",NA,NA,NA,NA
"Crested Kingfisher",NA,NA,NA,NA
"Pied Kingfisher","Insufficient Data","Insufficient Data",NA,"Low"
"Blue-bearded Bee-eater","Insufficient Data","Insufficient Data",NA,"Low"
"Asian Green Bee-eater","Insufficient Data","Insufficient Data",NA,"Low"
"Blue-throated Bee-eater",NA,NA,NA,NA
"Blue-cheeked Bee-eater",NA,NA,NA,NA
"Blue-tailed Bee-eater","Insufficient Data","Insufficient Data",NA,"Low"
"European Bee-eater",NA,NA,NA,NA
"Chestnut-headed Bee-eater","Insufficient Data","Insufficient Data",NA,"Low"
"European Roller","Insufficient Data","Insufficient Data",NA,"Low"
"Indian Roller","Insufficient Data","Insufficient Data",NA,"Low"
"Indochinese Roller",NA,NA,NA,NA
"Dollarbird",NA,NA,NA,NA
"Malabar Barbet",NA,NA,NA,NA
"Coppersmith Barbet","Insufficient Data","Insufficient Data",NA,"Low"
"Blue-eared Barbet",NA,NA,NA,NA
"Great Barbet",NA,NA,NA,NA
"Lineated Barbet",NA,NA,NA,NA
"Brown-headed Barbet","Insufficient Data","Insufficient Data",NA,"Moderate"
"White-cheeked Barbet",NA,NA,NA,NA
"Golden-throated Barbet",NA,NA,NA,NA
"Blue-throated Barbet",NA,NA,NA,NA
"Yellow-rumped Honeyguide",NA,NA,NA,NA
"Eurasian Wryneck","Insufficient Data","Insufficient Data",NA,"Low"
"Speckled Piculet","Insufficient Data","Insufficient Data",NA,"Low"
"White-browed Piculet",NA,NA,NA,NA
"Heart-spotted Woodpecker","Insufficient Data","Insufficient Data",NA,"Low"
"Brown-capped Pygmy Woodpecker","Insufficient Data","Insufficient Data",NA,"Moderate"
"Gray-capped Pygmy Woodpecker",NA,NA,NA,NA
"Yellow-crowned Woodpecker","Insufficient Data","Insufficient Data",NA,"Low"
"Brown-fronted Woodpecker",NA,NA,NA,NA
"Rufous-bellied Woodpecker",NA,NA,NA,NA
"Fulvous-breasted Woodpecker","Insufficient Data","Insufficient Data",NA,"Low"
"Freckle-breasted Woodpecker",NA,NA,NA,NA
"Stripe-breasted Woodpecker",NA,NA,NA,NA
"Darjeeling Woodpecker",NA,NA,NA,NA
"Great Spotted Woodpecker",NA,NA,NA,NA
"Himalayan Woodpecker",NA,NA,NA,NA
"Sind Woodpecker",NA,NA,NA,NA
"Crimson-naped Woodpecker",NA,NA,NA,NA
"Bay Woodpecker",NA,NA,NA,NA
"Greater Flameback","Insufficient Data","Insufficient Data",NA,"Low"
"White-naped Woodpecker","Insufficient Data","Insufficient Data",NA,"Moderate"
"Rufous Woodpecker","Insufficient Data","Insufficient Data",NA,"Low"
"Pale-headed Woodpecker",NA,NA,NA,NA
"Himalayan Flameback",NA,NA,NA,NA
"Common Flameback","Insufficient Data","Insufficient Data",NA,"Low"
"Black-rumped Flameback","Insufficient Data","Insufficient Data",NA,"Moderate"
"Lesser Yellownape","Insufficient Data","Insufficient Data",NA,"Low"
"Streak-throated Woodpecker","Insufficient Data","Insufficient Data",NA,"Low"
"Scaly-bellied Woodpecker",NA,NA,NA,NA
"Gray-headed Woodpecker",NA,NA,NA,NA
"Greater Yellownape","Insufficient Data","Insufficient Data",NA,"Low"
"Great Slaty Woodpecker",NA,NA,NA,NA
"White-bellied Woodpecker",NA,NA,NA,NA
"Andaman Woodpecker",NA,NA,NA,NA
"Collared Falconet",NA,NA,NA,NA
"Pied Falconet",NA,NA,NA,NA
"Lesser Kestrel",NA,NA,NA,NA
"Eurasian Kestrel","Insufficient Data","Insufficient Data",NA,"Low"
"Red-necked Falcon","Insufficient Data","Insufficient Data",NA,"Moderate"
"Red-footed Falcon",NA,NA,NA,NA
"Amur Falcon","Insufficient Data","Insufficient Data",NA,"Low"
"Merlin",NA,NA,NA,NA
"Eurasian Hobby",NA,NA,NA,NA
"Oriental Hobby",NA,NA,NA,NA
"Laggar Falcon","Insufficient Data","Insufficient Data",NA,"Moderate"
"Saker Falcon",NA,NA,NA,NA
"Peregrine Falcon","Insufficient Data","Insufficient Data",NA,"Low"
"Alexandrine Parakeet","Insufficient Data","Insufficient Data",NA,"Moderate"
"Rose-ringed Parakeet","Insufficient Data","Insufficient Data",NA,"Low"
"Slaty-headed Parakeet",NA,NA,NA,NA
"Gray-headed Parakeet",NA,NA,NA,NA
"Plum-headed Parakeet","Insufficient Data","Insufficient Data",NA,"Moderate"
"Blossom-headed Parakeet",NA,NA,NA,NA
"Malabar Parakeet",NA,NA,NA,NA
"Derbyan Parakeet",NA,NA,NA,NA
"Red-breasted Parakeet",NA,NA,NA,NA
"Nicobar Parakeet",NA,NA,NA,NA
"Long-tailed Parakeet",NA,NA,NA,NA
"Vernal Hanging-Parrot","Insufficient Data","Insufficient Data",NA,"Low"
"Long-tailed Broadbill",NA,NA,NA,NA
"Gray-lored Broadbill",NA,NA,NA,NA
"Blue-naped Pitta",NA,NA,NA,NA
"Blue Pitta",NA,NA,NA,NA
"Indian Pitta","Insufficient Data","Insufficient Data",NA,"Moderate"
"Blue-winged Pitta",NA,NA,NA,NA
"Western Hooded Pitta",NA,NA,NA,NA
"Mangrove Pitta",NA,NA,NA,NA
"White-bellied Minivet","Insufficient Data","Insufficient Data",NA,"Moderate"
"Small Minivet","Insufficient Data","Insufficient Data",NA,"Low"
"Gray-chinned Minivet",NA,NA,NA,NA
"Short-billed Minivet",NA,NA,NA,NA
"Long-tailed Minivet",NA,NA,NA,NA
"Orange Minivet",NA,NA,NA,NA
"Scarlet Minivet","Insufficient Data","Insufficient Data",NA,"Low"
"Ashy Minivet",NA,NA,NA,NA
"Brown-rumped Minivet",NA,NA,NA,NA
"Rosy Minivet","Insufficient Data","Insufficient Data",NA,"Low"
"Indian Cuckooshrike","Insufficient Data","Insufficient Data",NA,"Low"
"Andaman Cuckooshrike",NA,NA,NA,NA
"Pied Triller",NA,NA,NA,NA
"Black-winged Cuckooshrike","Insufficient Data","Insufficient Data",NA,"Low"
"Black-headed Cuckooshrike","Insufficient Data","Insufficient Data",NA,"Moderate"
"Black-headed Shrike-Babbler",NA,NA,NA,NA
"White-browed Shrike-Babbler",NA,NA,NA,NA
"Green Shrike-Babbler",NA,NA,NA,NA
"Black-eared Shrike-Babbler",NA,NA,NA,NA
"Clicking Shrike-Babbler",NA,NA,NA,NA
"White-bellied Erpornis",NA,NA,NA,NA
"Mangrove Whistler",NA,NA,NA,NA
"Eurasian Golden Oriole",NA,NA,NA,NA
"Indian Golden Oriole","Insufficient Data","Insufficient Data",NA,"Low"
"Black-naped Oriole","Insufficient Data","Insufficient Data",NA,"Low"
"Slender-billed Oriole",NA,NA,NA,NA
"Black-hooded Oriole","Insufficient Data","Insufficient Data",NA,"Low"
"Maroon Oriole",NA,NA,NA,NA
"Ashy Woodswallow","Insufficient Data","Insufficient Data",NA,"Low"
"White-breasted Woodswallow",NA,NA,NA,NA
"Malabar Woodshrike",NA,NA,NA,NA
"Large Woodshrike","Insufficient Data","Insufficient Data",NA,"Low"
"Common Woodshrike","Insufficient Data","Insufficient Data",NA,"Low"
"Bar-winged Flycatcher-shrike","Insufficient Data","Insufficient Data",NA,"Low"
"Common Iora","Insufficient Data","Insufficient Data",NA,"Low"
"White-tailed Iora","Insufficient Data","Insufficient Data",NA,"Moderate"
"White-throated Fantail",NA,NA,NA,NA
"Spot-breasted Fantail","Insufficient Data","Insufficient Data",NA,"Moderate"
"White-browed Fantail","Insufficient Data","Insufficient Data",NA,"Low"
"Black Drongo","Insufficient Data","Insufficient Data",NA,"Low"
"Ashy Drongo","Insufficient Data","Insufficient Data",NA,"Low"
"White-bellied Drongo","Insufficient Data","Insufficient Data",NA,"Moderate"
"Crow-billed Drongo",NA,NA,NA,NA
"Bronzed Drongo","Insufficient Data","Insufficient Data",NA,"Low"
"Lesser Racket-tailed Drongo",NA,NA,NA,NA
"Hair-crested Drongo","Insufficient Data","Insufficient Data",NA,"Low"
"Andaman Drongo",NA,NA,NA,NA
"Greater Racket-tailed Drongo","Insufficient Data","Insufficient Data",NA,"Low"
"Black-naped Monarch","Insufficient Data","Insufficient Data",NA,"Low"
"Amur Paradise-Flycatcher",NA,NA,NA,NA
"Blyth's Paradise-Flycatcher",NA,NA,NA,NA
"Indian Paradise-Flycatcher","Insufficient Data","Insufficient Data",NA,"Low"
"Red-backed Shrike",NA,NA,NA,NA
"Red-tailed Shrike",NA,NA,NA,NA
"Isabelline Shrike","Insufficient Data","Insufficient Data",NA,"Low"
"Brown Shrike","Insufficient Data","Insufficient Data",NA,"Low"
"Burmese Shrike",NA,NA,NA,NA
"Bay-backed Shrike","Insufficient Data","Insufficient Data",NA,"Low"
"Long-tailed Shrike","Insufficient Data","Insufficient Data",NA,"Low"
"Gray-backed Shrike",NA,NA,NA,NA
"Great Gray Shrike","Insufficient Data","Insufficient Data",NA,"Low"
"Lesser Gray Shrike",NA,NA,NA,NA
"Masked Shrike",NA,NA,NA,NA
"Woodchat Shrike",NA,NA,NA,NA
"Eurasian Jay",NA,NA,NA,NA
"Black-headed Jay",NA,NA,NA,NA
"Yellow-billed Blue-Magpie",NA,NA,NA,NA
"Red-billed Blue-Magpie",NA,NA,NA,NA
"Common Green-Magpie",NA,NA,NA,NA
"Rufous Treepie","Insufficient Data","Insufficient Data",NA,"Low"
"Gray Treepie",NA,NA,NA,NA
"White-bellied Treepie",NA,NA,NA,NA
"Collared Treepie",NA,NA,NA,NA
"Andaman Treepie",NA,NA,NA,NA
"Black-rumped Magpie",NA,NA,NA,NA
"Eurasian Magpie",NA,NA,NA,NA
"Southern Nutcracker",NA,NA,NA,NA
"Kashmir Nutcracker",NA,NA,NA,NA
"Red-billed Chough",NA,NA,NA,NA
"Yellow-billed Chough",NA,NA,NA,NA
"Eurasian Jackdaw",NA,NA,NA,NA
"House Crow","Insufficient Data","Insufficient Data",NA,"Low"
"Rook",NA,NA,NA,NA
"Carrion Crow",NA,NA,NA,NA
"Hooded Crow",NA,NA,NA,NA
"Large-billed Crow","Insufficient Data","Insufficient Data",NA,"Low"
"Pied Crow",NA,NA,NA,NA
"Common Raven",NA,NA,NA,NA
"Yellow-bellied Fairy-Fantail",NA,NA,NA,NA
"Gray-headed Canary-Flycatcher","Insufficient Data","Insufficient Data",NA,"Low"
"Fire-capped Tit",NA,NA,NA,NA
"Yellow-browed Tit",NA,NA,NA,NA
"Sultan Tit",NA,NA,NA,NA
"Coal Tit",NA,NA,NA,NA
"Rufous-naped Tit",NA,NA,NA,NA
"Rufous-vented Tit",NA,NA,NA,NA
"Gray-crested Tit",NA,NA,NA,NA
"Azure Tit",NA,NA,NA,NA
"Ground Tit",NA,NA,NA,NA
"Green-backed Tit",NA,NA,NA,NA
"Asian Tit","Insufficient Data","Insufficient Data",NA,"Low"
"White-naped Tit",NA,NA,NA,NA
"Himalayan Black-lored Tit",NA,NA,NA,NA
"Indian Yellow Tit","Insufficient Data","Trend Inconclusive",NA,"Low"
"Yellow-cheeked Tit",NA,NA,NA,NA
"White-crowned Penduline-Tit",NA,NA,NA,NA
"Greater Hoopoe-Lark",NA,NA,NA,NA
"Rufous-tailed Lark","Insufficient Data","Insufficient Data",NA,"Moderate"
"Desert Lark",NA,NA,NA,NA
"Black-crowned Sparrow-Lark",NA,NA,NA,NA
"Ashy-crowned Sparrow-Lark","Insufficient Data","Insufficient Data",NA,"Moderate"
"Singing Bushlark",NA,NA,NA,NA
"Bengal Bushlark",NA,NA,NA,NA
"Jerdon's Bushlark","Trend Inconclusive","Trend Inconclusive",NA,"Low"
"Indian Bushlark","Insufficient Data","Insufficient Data",NA,"Moderate"
"Horned Lark",NA,NA,NA,NA
"Greater Short-toed Lark","Insufficient Data","Insufficient Data",NA,"Low"
"Mongolian Short-toed Lark",NA,NA,NA,NA
"Hume's Lark",NA,NA,NA,NA
"Bimaculated Lark",NA,NA,NA,NA
"Tibetan Lark",NA,NA,NA,NA
"Turkestan Short-toed Lark",NA,NA,NA,NA
"Sand Lark",NA,NA,NA,NA
"Eurasian Skylark",NA,NA,NA,NA
"Oriental Skylark","Insufficient Data","Insufficient Data",NA,"Low"
"Crested Lark",NA,NA,NA,NA
"Malabar Lark",NA,NA,NA,NA
"Tawny Lark","Insufficient Data","Trend Inconclusive",NA,"Low"
"Common Tailorbird","Insufficient Data","Insufficient Data",NA,"Low"
"Dark-necked Tailorbird",NA,NA,NA,NA
"Himalayan Prinia",NA,NA,NA,NA
"Black-throated Prinia",NA,NA,NA,NA
"Rufous-crowned Prinia",NA,NA,NA,NA
"Hill Prinia",NA,NA,NA,NA
"Gray-crowned Prinia",NA,NA,NA,NA
"Rufous-fronted Prinia","Insufficient Data","Insufficient Data",NA,"Moderate"
"Rufescent Prinia",NA,NA,NA,NA
"Gray-breasted Prinia","Insufficient Data","Insufficient Data",NA,"Low"
"Delicate Prinia",NA,NA,NA,NA
"Jungle Prinia","Insufficient Data","Insufficient Data",NA,"Moderate"
"Yellow-bellied Prinia",NA,NA,NA,NA
"Ashy Prinia","Insufficient Data","Insufficient Data",NA,"Moderate"
"Plain Prinia","Insufficient Data","Insufficient Data",NA,"Low"
"Zitting Cisticola","Insufficient Data","Insufficient Data",NA,"Low"
"Golden-headed Cisticola",NA,NA,NA,NA
"Thick-billed Warbler",NA,NA,NA,NA
"Booted Warbler","Insufficient Data","Insufficient Data",NA,"Low"
"Sykes's Warbler",NA,NA,NA,NA
"Black-browed Reed Warbler",NA,NA,NA,NA
"Moustached Warbler",NA,NA,NA,NA
"Sedge Warbler",NA,NA,NA,NA
"Paddyfield Warbler","Insufficient Data","Insufficient Data",NA,"Low"
"Blunt-winged Warbler",NA,NA,NA,NA
"Blyth's Reed Warbler","Insufficient Data","Insufficient Data",NA,"Low"
"Large-billed Reed Warbler",NA,NA,NA,NA
"Great Reed Warbler",NA,NA,NA,NA
"Oriental Reed Warbler",NA,NA,NA,NA
"Clamorous Reed Warbler","Insufficient Data","Insufficient Data",NA,"Low"
"Pallas's Grasshopper Warbler",NA,NA,NA,NA
"Lanceolated Warbler",NA,NA,NA,NA
"Brown Bush Warbler",NA,NA,NA,NA
"Common Grasshopper Warbler",NA,NA,NA,NA
"Long-billed Bush Warbler",NA,NA,NA,NA
"Chinese Bush Warbler",NA,NA,NA,NA
"Baikal Bush Warbler",NA,NA,NA,NA
"West Himalayan Bush Warbler",NA,NA,NA,NA
"Spotted Bush Warbler",NA,NA,NA,NA
"Russet Bush Warbler",NA,NA,NA,NA
"Broad-tailed Grassbird",NA,NA,NA,NA
"Bristled Grassbird","Insufficient Data","Insufficient Data",NA,"High"
"Striated Grassbird",NA,NA,NA,NA
"Scaly-breasted Cupwing",NA,NA,NA,NA
"Immaculate Cupwing",NA,NA,NA,NA
"Pygmy Cupwing",NA,NA,NA,NA
"Gray-throated Martin","Insufficient Data","Insufficient Data",NA,"Low"
"Bank Swallow","Insufficient Data","Insufficient Data",NA,"Low"
"Pale Martin",NA,NA,NA,NA
"Eurasian Crag-Martin","Insufficient Data","Insufficient Data",NA,"Low"
"Dusky Crag-Martin","Insufficient Data","Insufficient Data",NA,"Low"
"Barn Swallow","Insufficient Data","Insufficient Data",NA,"Low"
"Wire-tailed Swallow","Insufficient Data","Insufficient Data",NA,"Low"
"Hill Swallow",NA,NA,NA,NA
"Pacific Swallow",NA,NA,NA,NA
"Eastern Red-rumped Swallow","Insufficient Data","Insufficient Data",NA,"Low"
"Eastern Red-rumped Swallow",NA,NA,NA,NA
"Streak-throated Swallow","Insufficient Data","Insufficient Data",NA,"Low"
"Western House-Martin",NA,NA,NA,NA
"Asian House-Martin",NA,NA,NA,NA
"Nepal House-Martin",NA,NA,NA,NA
"Gray-headed Bulbul",NA,NA,NA,NA
"Black-headed Bulbul",NA,NA,NA,NA
"Andaman Bulbul",NA,NA,NA,NA
"Black-crested Bulbul","Insufficient Data","Insufficient Data",NA,"Low"
"Flame-throated Bulbul",NA,NA,NA,NA
"Crested Finchbill",NA,NA,NA,NA
"Striated Bulbul",NA,NA,NA,NA
"Red-vented Bulbul","Insufficient Data","Insufficient Data",NA,"Low"
"Red-whiskered Bulbul","Insufficient Data","Insufficient Data",NA,"Low"
"White-eared Bulbul",NA,NA,NA,NA
"Himalayan Bulbul",NA,NA,NA,NA
"Yellow-throated Bulbul","Insufficient Data","Trend Inconclusive",NA,"Moderate"
"Flavescent Bulbul",NA,NA,NA,NA
"White-browed Bulbul","Insufficient Data","Insufficient Data",NA,"Moderate"
"White-throated Bulbul",NA,NA,NA,NA
"Gray-eyed Bulbul",NA,NA,NA,NA
"Cachar Bulbul",NA,NA,NA,NA
"Yellow-browed Bulbul",NA,NA,NA,NA
"Black Bulbul",NA,NA,NA,NA
"Square-tailed Bulbul",NA,NA,NA,NA
"Nicobar Bulbul",NA,NA,NA,NA
"Ashy Bulbul",NA,NA,NA,NA
"Mountain Bulbul",NA,NA,NA,NA
"Wood Warbler",NA,NA,NA,NA
"Ashy-throated Warbler",NA,NA,NA,NA
"Buff-barred Warbler",NA,NA,NA,NA
"Yellow-browed Warbler","Insufficient Data","Insufficient Data",NA,"Low"
"Hume's Warbler","Insufficient Data","Insufficient Data",NA,"Low"
"Brooks's Leaf Warbler",NA,NA,NA,NA
"Chinese Leaf Warbler",NA,NA,NA,NA
"Pallas's Leaf Warbler",NA,NA,NA,NA
"Lemon-rumped Warbler",NA,NA,NA,NA
"Sichuan Leaf Warbler",NA,NA,NA,NA
"Tytler's Leaf Warbler","Insufficient Data","Insufficient Data",NA,"Moderate"
"Sulphur-bellied Warbler","Insufficient Data","Insufficient Data",NA,"Low"
"Tickell's Leaf Warbler","Insufficient Data","Insufficient Data",NA,"Low"
"Dusky Warbler",NA,NA,NA,NA
"Smoky Warbler",NA,NA,NA,NA
"Plain Leaf Warbler",NA,NA,NA,NA
"Buff-throated Warbler",NA,NA,NA,NA
"Willow Warbler",NA,NA,NA,NA
"Mountain Chiffchaff",NA,NA,NA,NA
"Common Chiffchaff","Insufficient Data","Insufficient Data",NA,"Low"
"White-spectacled Warbler",NA,NA,NA,NA
"Gray-cheeked Warbler",NA,NA,NA,NA
"Green-crowned Warbler",NA,NA,NA,NA
"Gray-crowned Warbler",NA,NA,NA,NA
"Whistler's Warbler",NA,NA,NA,NA
"Green Warbler",NA,NA,NA,NA
"Greenish Warbler","Insufficient Data","Insufficient Data",NA,"Low"
"Two-barred Warbler",NA,NA,NA,NA
"Large-billed Leaf Warbler","Insufficient Data","Insufficient Data",NA,"Low"
"Pale-legged Leaf Warbler",NA,NA,NA,NA
"Sakhalin Leaf Warbler",NA,NA,NA,NA
"Arctic Warbler",NA,NA,NA,NA
"Chestnut-crowned Warbler",NA,NA,NA,NA
"Yellow-vented Warbler",NA,NA,NA,NA
"Western Crowned Warbler","Insufficient Data","Insufficient Data",NA,"Low"
"Blyth's Leaf Warbler",NA,NA,NA,NA
"Claudia's Leaf Warbler",NA,NA,NA,NA
"Gray-hooded Warbler",NA,NA,NA,NA
"Pale-footed Bush Warbler",NA,NA,NA,NA
"Asian Stubtail",NA,NA,NA,NA
"Gray-bellied Tesia",NA,NA,NA,NA
"Slaty-bellied Tesia",NA,NA,NA,NA
"Chestnut-crowned Bush Warbler",NA,NA,NA,NA
"Gray-sided Bush Warbler",NA,NA,NA,NA
"Chestnut-headed Tesia",NA,NA,NA,NA
"Cetti's Warbler",NA,NA,NA,NA
"Yellow-bellied Warbler",NA,NA,NA,NA
"Rufous-faced Warbler",NA,NA,NA,NA
"Black-faced Warbler",NA,NA,NA,NA
"Mountain Tailorbird",NA,NA,NA,NA
"Broad-billed Warbler",NA,NA,NA,NA
"Manchurian Bush Warbler",NA,NA,NA,NA
"Brownish-flanked Bush Warbler",NA,NA,NA,NA
"Hume's Bush Warbler",NA,NA,NA,NA
"Aberrant Bush Warbler",NA,NA,NA,NA
"White-browed Tit-Warbler",NA,NA,NA,NA
"Crested Tit-Warbler",NA,NA,NA,NA
"White-cheeked Tit",NA,NA,NA,NA
"Black-throated Tit",NA,NA,NA,NA
"White-throated Tit",NA,NA,NA,NA
"Black-browed Tit",NA,NA,NA,NA
"Eurasian Blackcap",NA,NA,NA,NA
"Garden Warbler",NA,NA,NA,NA
"Barred Warbler",NA,NA,NA,NA
"Lesser Whitethroat","Insufficient Data","Insufficient Data",NA,"Low"
"Eastern Orphean Warbler","Insufficient Data","Insufficient Data",NA,"Low"
"Asian Desert Warbler",NA,NA,NA,NA
"Greater Whitethroat",NA,NA,NA,NA
"Fire-tailed Myzornis",NA,NA,NA,NA
"Golden-breasted Fulvetta",NA,NA,NA,NA
"Yellow-eyed Babbler","Insufficient Data","Insufficient Data",NA,"Low"
"Jerdon's Babbler",NA,NA,NA,NA
"Brown-throated Fulvetta",NA,NA,NA,NA
"White-browed Fulvetta",NA,NA,NA,NA
"Manipur Fulvetta",NA,NA,NA,NA
"Black-breasted Parrotbill",NA,NA,NA,NA
"Spot-breasted Parrotbill",NA,NA,NA,NA
"Great Parrotbill",NA,NA,NA,NA
"Brown Parrotbill",NA,NA,NA,NA
"Gray-headed Parrotbill",NA,NA,NA,NA
"White-breasted Parrotbill",NA,NA,NA,NA
"Rufous-headed Parrotbill",NA,NA,NA,NA
"Fulvous Parrotbill",NA,NA,NA,NA
"Black-throated Parrotbill",NA,NA,NA,NA
"Pale-billed Parrotbill",NA,NA,NA,NA
"Striated Yuhina",NA,NA,NA,NA
"Black-chinned Yuhina",NA,NA,NA,NA
"Whiskered Yuhina",NA,NA,NA,NA
"White-naped Yuhina",NA,NA,NA,NA
"Stripe-throated Yuhina",NA,NA,NA,NA
"Rufous-vented Yuhina",NA,NA,NA,NA
"Chestnut-flanked White-eye",NA,NA,NA,NA
"Indian White-eye","Insufficient Data","Insufficient Data",NA,"Low"
"Chestnut-capped Babbler",NA,NA,NA,NA
"Tawny-bellied Babbler","Insufficient Data","Trend Inconclusive",NA,"Low"
"Dark-fronted Babbler",NA,NA,NA,NA
"Pin-striped Tit-Babbler","Insufficient Data","Insufficient Data",NA,"Low"
"Golden Babbler",NA,NA,NA,NA
"Black-chinned Babbler",NA,NA,NA,NA
"Rufous-capped Babbler",NA,NA,NA,NA
"Rufous-fronted Babbler",NA,NA,NA,NA
"Rufous-throated Wren-Babbler",NA,NA,NA,NA
"Mishmi Wren-Babbler",NA,NA,NA,NA
"Bar-winged Wren-Babbler",NA,NA,NA,NA
"Naga Wren-Babbler",NA,NA,NA,NA
"Chin Hills Wren-Babbler",NA,NA,NA,NA
"Tawny-breasted Wren-Babbler",NA,NA,NA,NA
"Black-crowned Scimitar-Babbler",NA,NA,NA,NA
"Brown-crowned Scimitar-Babbler",NA,NA,NA,NA
"Red-billed Scimitar-Babbler",NA,NA,NA,NA
"Slender-billed Scimitar-Babbler",NA,NA,NA,NA
"Streak-breasted Scimitar-Babbler",NA,NA,NA,NA
"White-browed Scimitar-Babbler",NA,NA,NA,NA
"Indian Scimitar-Babbler","Insufficient Data","Insufficient Data",NA,"Moderate"
"Large Scimitar-Babbler",NA,NA,NA,NA
"Rusty-cheeked Scimitar-Babbler",NA,NA,NA,NA
"Spot-breasted Scimitar-Babbler",NA,NA,NA,NA
"Gray-throated Babbler",NA,NA,NA,NA
"Sikkim Wedge-billed Babbler",NA,NA,NA,NA
"Cachar Wedge-billed Babbler",NA,NA,NA,NA
"Snowy-throated Babbler",NA,NA,NA,NA
"Indian Grassbird",NA,NA,NA,NA
"White-hooded Babbler",NA,NA,NA,NA
"Yellow-throated Fulvetta",NA,NA,NA,NA
"Rufous-winged Fulvetta",NA,NA,NA,NA
"Rufous-throated Fulvetta",NA,NA,NA,NA
"Rusty-capped Fulvetta",NA,NA,NA,NA
"Puff-throated Babbler","Insufficient Data","Insufficient Data",NA,"Low"
"Marsh Babbler",NA,NA,NA,NA
"Spot-throated Babbler",NA,NA,NA,NA
"Buff-breasted Babbler",NA,NA,NA,NA
"Rufous-vented Grass Babbler",NA,NA,NA,NA
"Swamp Grass Babbler",NA,NA,NA,NA
"Abbott's Babbler",NA,NA,NA,NA
"Streaked Wren-Babbler",NA,NA,NA,NA
"Eyebrowed Wren-Babbler",NA,NA,NA,NA
"Long-billed Wren-Babbler",NA,NA,NA,NA
"Brown-cheeked Fulvetta","Insufficient Data","Insufficient Data",NA,"Low"
"Nepal Fulvetta",NA,NA,NA,NA
"Striated Laughingthrush",NA,NA,NA,NA
"Himalayan Cutia",NA,NA,NA,NA
"Scaly Laughingthrush",NA,NA,NA,NA
"Brown-capped Laughingthrush",NA,NA,NA,NA
"Blue-winged Laughingthrush",NA,NA,NA,NA
"Streaked Laughingthrush",NA,NA,NA,NA
"Bhutan Laughingthrush",NA,NA,NA,NA
"Striped Laughingthrush",NA,NA,NA,NA
"Variegated Laughingthrush",NA,NA,NA,NA
"Black-faced Laughingthrush",NA,NA,NA,NA
"Elliot's Laughingthrush",NA,NA,NA,NA
"Chestnut-crowned Laughingthrush",NA,NA,NA,NA
"Assam Laughingthrush",NA,NA,NA,NA
"Banasura Laughingthrush",NA,NA,NA,NA
"Nilgiri Laughingthrush",NA,NA,NA,NA
"Palani Laughingthrush",NA,NA,NA,NA
"Ashambu Laughingthrush",NA,NA,NA,NA
"Long-tailed Sibia",NA,NA,NA,NA
"Rufous Sibia",NA,NA,NA,NA
"Beautiful Sibia",NA,NA,NA,NA
"Gray Sibia",NA,NA,NA,NA
"Hoary-throated Barwing",NA,NA,NA,NA
"Streak-throated Barwing",NA,NA,NA,NA
"Blue-winged Minla",NA,NA,NA,NA
"Chestnut-tailed Minla",NA,NA,NA,NA
"Rusty-fronted Barwing",NA,NA,NA,NA
"Red-billed Leiothrix",NA,NA,NA,NA
"Silver-eared Mesia",NA,NA,NA,NA
"Red-tailed Minla",NA,NA,NA,NA
"Rufous-backed Sibia",NA,NA,NA,NA
"Bugun Liocichla",NA,NA,NA,NA
"Red-faced Liocichla",NA,NA,NA,NA
"Large Gray Babbler","Insufficient Data","Insufficient Data",NA,"Moderate"
"Slender-billed Babbler",NA,NA,NA,NA
"Rufous Babbler",NA,NA,NA,NA
"Jungle Babbler","Insufficient Data","Insufficient Data",NA,"Moderate"
"Yellow-billed Babbler","Insufficient Data","Insufficient Data",NA,"Moderate"
"Common Babbler","Insufficient Data","Insufficient Data",NA,"Moderate"
"Striated Babbler",NA,NA,NA,NA
"Spot-breasted Laughingthrush",NA,NA,NA,NA
"Lesser Necklaced Laughingthrush",NA,NA,NA,NA
"White-crested Laughingthrush",NA,NA,NA,NA
"Rufous-chinned Laughingthrush",NA,NA,NA,NA
"Moustached Laughingthrush",NA,NA,NA,NA
"Spotted Laughingthrush",NA,NA,NA,NA
"Wayanad Laughingthrush",NA,NA,NA,NA
"Rufous-vented Laughingthrush",NA,NA,NA,NA
"Yellow-throated Laughingthrush",NA,NA,NA,NA
"Rufous-necked Laughingthrush",NA,NA,NA,NA
"Chestnut-backed Laughingthrush",NA,NA,NA,NA
"White-browed Laughingthrush",NA,NA,NA,NA
"Greater Necklaced Laughingthrush",NA,NA,NA,NA
"Mount Victoria Babax",NA,NA,NA,NA
"White-throated Laughingthrush",NA,NA,NA,NA
"Gray-sided Laughingthrush",NA,NA,NA,NA
"Goldcrest",NA,NA,NA,NA
"Wallcreeper",NA,NA,NA,NA
"Indian Nuthatch","Insufficient Data","Insufficient Data",NA,"Moderate"
"Chestnut-bellied Nuthatch",NA,NA,NA,NA
"Chestnut-vented Nuthatch",NA,NA,NA,NA
"Kashmir Nuthatch",NA,NA,NA,NA
"White-tailed Nuthatch",NA,NA,NA,NA
"White-cheeked Nuthatch",NA,NA,NA,NA
"Yunnan Nuthatch",NA,NA,NA,NA
"Velvet-fronted Nuthatch","Insufficient Data","Insufficient Data",NA,"Low"
"Beautiful Nuthatch",NA,NA,NA,NA
"Hodgson's Treecreeper",NA,NA,NA,NA
"Bar-tailed Treecreeper",NA,NA,NA,NA
"Rusty-flanked Treecreeper",NA,NA,NA,NA
"Sikkim Treecreeper",NA,NA,NA,NA
"Hume's Treecreeper",NA,NA,NA,NA
"Indian Spotted Creeper","Insufficient Data","Insufficient Data",NA,"Moderate"
"Eurasian Wren",NA,NA,NA,NA
"Spotted Elachura",NA,NA,NA,NA
"White-throated Dipper",NA,NA,NA,NA
"Brown Dipper",NA,NA,NA,NA
"Asian Glossy Starling",NA,NA,NA,NA
"Golden-crested Myna",NA,NA,NA,NA
"Common Hill Myna","Insufficient Data","Insufficient Data",NA,"Low"
"Southern Hill Myna",NA,NA,NA,NA
"European Starling",NA,NA,NA,NA
"Rosy Starling","Insufficient Data","Insufficient Data",NA,"Low"
"Daurian Starling",NA,NA,NA,NA
"Chestnut-cheeked Starling",NA,NA,NA,NA
"Indian Pied Starling","Insufficient Data","Insufficient Data",NA,"Low"
"White-shouldered Starling",NA,NA,NA,NA
"Brahminy Starling","Insufficient Data","Insufficient Data",NA,"Low"
"Chestnut-tailed Starling","Insufficient Data","Insufficient Data",NA,"Low"
"Malabar Starling",NA,NA,NA,NA
"White-headed Starling",NA,NA,NA,NA
"Red-billed Starling",NA,NA,NA,NA
"White-cheeked Starling",NA,NA,NA,NA
"Common Myna","Insufficient Data","Insufficient Data",NA,"Low"
"Bank Myna","Insufficient Data","Insufficient Data",NA,"Moderate"
"Jungle Myna",NA,NA,NA,NA
"Collared Myna",NA,NA,NA,NA
"Great Myna",NA,NA,NA,NA
"Spot-winged Starling",NA,NA,NA,NA
"Grandala",NA,NA,NA,NA
"Long-tailed Thrush",NA,NA,NA,NA
"Alpine Thrush",NA,NA,NA,NA
"Himalayan Thrush",NA,NA,NA,NA
"Dark-sided Thrush",NA,NA,NA,NA
"Long-billed Thrush",NA,NA,NA,NA
"Scaly Thrush",NA,NA,NA,NA
"Nilgiri Thrush",NA,NA,NA,NA
"Purple Cochoa",NA,NA,NA,NA
"Green Cochoa",NA,NA,NA,NA
"Siberian Thrush",NA,NA,NA,NA
"Pied Thrush",NA,NA,NA,NA
"Orange-headed Thrush","Insufficient Data","Insufficient Data",NA,"Low"
"Chinese Thrush",NA,NA,NA,NA
"Mistle Thrush",NA,NA,NA,NA
"Song Thrush",NA,NA,NA,NA
"Chinese Blackbird",NA,NA,NA,NA
"Gray-winged Blackbird",NA,NA,NA,NA
"Indian Blackbird","Insufficient Data","Trend Inconclusive",NA,"Low"
"Japanese Thrush",NA,NA,NA,NA
"Tickell's Thrush","Insufficient Data","Insufficient Data",NA,"Moderate"
"Black-breasted Thrush",NA,NA,NA,NA
"Gray-sided Thrush",NA,NA,NA,NA
"Eyebrowed Thrush",NA,NA,NA,NA
"White-backed Thrush",NA,NA,NA,NA
"Tibetan Blackbird",NA,NA,NA,NA
"Fieldfare",NA,NA,NA,NA
"White-collared Blackbird",NA,NA,NA,NA
"Chestnut Thrush",NA,NA,NA,NA
"Black-throated Thrush",NA,NA,NA,NA
"Red-throated Thrush",NA,NA,NA,NA
"Dusky Thrush",NA,NA,NA,NA
"Naumann's Thrush",NA,NA,NA,NA
"Dark-sided Flycatcher",NA,NA,NA,NA
"Ferruginous Flycatcher",NA,NA,NA,NA
"Asian Brown Flycatcher","Insufficient Data","Insufficient Data",NA,"Low"
"Brown-breasted Flycatcher","Insufficient Data","Insufficient Data",NA,"Low"
"Spotted Flycatcher",NA,NA,NA,NA
"Rufous-tailed Scrub-Robin",NA,NA,NA,NA
"Indian Robin","Insufficient Data","Insufficient Data",NA,"Moderate"
"Oriental Magpie-Robin","Insufficient Data","Insufficient Data",NA,"Low"
"White-rumped Shama","Insufficient Data","Insufficient Data",NA,"Low"
"Andaman Shama",NA,NA,NA,NA
"White-gorgeted Flycatcher",NA,NA,NA,NA
"Nilgiri Sholakili",NA,NA,NA,NA
"White-bellied Sholakili",NA,NA,NA,NA
"White-tailed Flycatcher",NA,NA,NA,NA
"White-bellied Blue Flycatcher",NA,NA,NA,NA
"Pale-chinned Flycatcher",NA,NA,NA,NA
"Pale Blue Flycatcher",NA,NA,NA,NA
"Blue-throated Flycatcher","Insufficient Data","Insufficient Data",NA,"Low"
"Large Blue Flycatcher",NA,NA,NA,NA
"Hill Blue Flycatcher",NA,NA,NA,NA
"Tickell's Blue Flycatcher","Insufficient Data","Insufficient Data",NA,"Moderate"
"Nicobar Jungle Flycatcher",NA,NA,NA,NA
"Large Niltava",NA,NA,NA,NA
"Small Niltava",NA,NA,NA,NA
"Rufous-bellied Niltava",NA,NA,NA,NA
"Chinese Vivid Niltava",NA,NA,NA,NA
"Blue-and-white Flycatcher",NA,NA,NA,NA
"Zappey's Flycatcher",NA,NA,NA,NA
"Nilgiri Flycatcher",NA,NA,NA,NA
"Verditer Flycatcher","Insufficient Data","Insufficient Data",NA,"Low"
"Rusty-bellied Shortwing",NA,NA,NA,NA
"Gould's Shortwing",NA,NA,NA,NA
"Lesser Shortwing",NA,NA,NA,NA
"Himalayan Shortwing",NA,NA,NA,NA
"Indian Blue Robin","Insufficient Data","Insufficient Data",NA,"Low"
"Siberian Blue Robin",NA,NA,NA,NA
"White-bellied Redstart",NA,NA,NA,NA
"Bluethroat","Insufficient Data","Insufficient Data",NA,"Low"
"Malabar Whistling-Thrush","Insufficient Data","Insufficient Data",NA,"Moderate"
"Blue Whistling-Thrush",NA,NA,NA,NA
"Little Forktail",NA,NA,NA,NA
"White-crowned Forktail",NA,NA,NA,NA
"Spotted Forktail",NA,NA,NA,NA
"Black-backed Forktail",NA,NA,NA,NA
"Slaty-backed Forktail",NA,NA,NA,NA
"Firethroat",NA,NA,NA,NA
"Siberian Rubythroat","Insufficient Data","Insufficient Data",NA,"Low"
"Himalayan Rubythroat",NA,NA,NA,NA
"Chinese Rubythroat",NA,NA,NA,NA
"White-tailed Robin",NA,NA,NA,NA
"Blue-fronted Robin",NA,NA,NA,NA
"Red-flanked Bluetail",NA,NA,NA,NA
"Himalayan Bluetail",NA,NA,NA,NA
"Rufous-breasted Bush-Robin",NA,NA,NA,NA
"White-browed Bush-Robin",NA,NA,NA,NA
"Golden Bush-Robin",NA,NA,NA,NA
"Yellow-rumped Flycatcher",NA,NA,NA,NA
"Mugimaki Flycatcher",NA,NA,NA,NA
"Slaty-backed Flycatcher",NA,NA,NA,NA
"Black-and-orange Flycatcher",NA,NA,NA,NA
"Slaty-blue Flycatcher",NA,NA,NA,NA
"Snowy-browed Flycatcher",NA,NA,NA,NA
"Pygmy Flycatcher",NA,NA,NA,NA
"Rufous-gorgeted Flycatcher",NA,NA,NA,NA
"Sapphire Flycatcher",NA,NA,NA,NA
"Little Pied Flycatcher",NA,NA,NA,NA
"Ultramarine Flycatcher","Insufficient Data","Insufficient Data",NA,"Low"
"Rusty-tailed Flycatcher","Insufficient Data","Insufficient Data",NA,"Low"
"Taiga Flycatcher",NA,NA,NA,NA
"Kashmir Flycatcher",NA,NA,NA,NA
"Red-breasted Flycatcher","Insufficient Data","Insufficient Data",NA,"Low"
"Blue-fronted Redstart",NA,NA,NA,NA
"Plumbeous Redstart",NA,NA,NA,NA
"Rufous-backed Redstart",NA,NA,NA,NA
"White-capped Redstart",NA,NA,NA,NA
"Blue-capped Redstart",NA,NA,NA,NA
"Common Redstart",NA,NA,NA,NA
"Hodgson's Redstart",NA,NA,NA,NA
"White-throated Redstart",NA,NA,NA,NA
"White-winged Redstart",NA,NA,NA,NA
"Black Redstart","Insufficient Data","Insufficient Data",NA,"Low"
"Daurian Redstart",NA,NA,NA,NA
"Chestnut-bellied Rock-Thrush",NA,NA,NA,NA
"Blue-capped Rock-Thrush","Insufficient Data","Insufficient Data",NA,"Low"
"Rufous-tailed Rock-Thrush",NA,NA,NA,NA
"Blue Rock-Thrush","Insufficient Data","Insufficient Data",NA,"Low"
"Whinchat",NA,NA,NA,NA
"White-browed Bushchat",NA,NA,NA,NA
"White-throated Bushchat",NA,NA,NA,NA
"Siberian Stonechat","Insufficient Data","Insufficient Data",NA,"Low"
"Amur Stonechat",NA,NA,NA,NA
"White-tailed Stonechat",NA,NA,NA,NA
"Pied Bushchat","Insufficient Data","Insufficient Data",NA,"Low"
"Jerdon's Bushchat",NA,NA,NA,NA
"Gray Bushchat",NA,NA,NA,NA
"Northern Wheatear",NA,NA,NA,NA
"Isabelline Wheatear","Insufficient Data","Insufficient Data",NA,"Low"
"Desert Wheatear","Insufficient Data","Insufficient Data",NA,"Low"
"Pied Wheatear",NA,NA,NA,NA
"Brown Rock Chat","Insufficient Data","Insufficient Data",NA,"Moderate"
"Variable Wheatear",NA,NA,NA,NA
"Hume's Wheatear",NA,NA,NA,NA
"Finsch's Wheatear",NA,NA,NA,NA
"Persian Wheatear",NA,NA,NA,NA
"Bohemian Waxwing",NA,NA,NA,NA
"Hypocolius",NA,NA,NA,NA
"Thick-billed Flowerpecker","Insufficient Data","Insufficient Data",NA,"Low"
"Yellow-vented Flowerpecker",NA,NA,NA,NA
"Yellow-bellied Flowerpecker",NA,NA,NA,NA
"Pale-billed Flowerpecker","Insufficient Data","Insufficient Data",NA,"Moderate"
"Nilgiri Flowerpecker",NA,NA,NA,NA
"Plain Flowerpecker",NA,NA,NA,NA
"Andaman Flowerpecker",NA,NA,NA,NA
"Fire-breasted Flowerpecker",NA,NA,NA,NA
"Scarlet-backed Flowerpecker",NA,NA,NA,NA
"Ruby-cheeked Sunbird",NA,NA,NA,NA
"Purple-rumped Sunbird","Insufficient Data","Insufficient Data",NA,"Moderate"
"Crimson-backed Sunbird",NA,NA,NA,NA
"Van Hasselt's Sunbird",NA,NA,NA,NA
"Purple Sunbird","Insufficient Data","Insufficient Data",NA,"Low"
"Ornate Sunbird",NA,NA,NA,NA
"Loten's Sunbird","Insufficient Data","Insufficient Data",NA,"Moderate"
"Fire-tailed Sunbird",NA,NA,NA,NA
"Black-throated Sunbird",NA,NA,NA,NA
"Mrs. Gould's Sunbird",NA,NA,NA,NA
"Green-tailed Sunbird",NA,NA,NA,NA
"Vigors's Sunbird",NA,NA,NA,NA
"Crimson Sunbird","Insufficient Data","Insufficient Data",NA,"Low"
"Little Spiderhunter",NA,NA,NA,NA
"Streaked Spiderhunter",NA,NA,NA,NA
"Asian Fairy-bluebird",NA,NA,NA,NA
"Blue-winged Leafbird",NA,NA,NA,NA
"Jerdon's Leafbird","Insufficient Data","Insufficient Data",NA,"Moderate"
"Golden-fronted Leafbird","Insufficient Data","Insufficient Data",NA,"Low"
"Orange-bellied Leafbird",NA,NA,NA,NA
"Streaked Weaver","Insufficient Data","Trend Inconclusive",NA,"Low"
"Baya Weaver","Insufficient Data","Insufficient Data",NA,"Low"
"Finn's Weaver",NA,NA,NA,NA
"Black-breasted Weaver","Insufficient Data","Trend Inconclusive",NA,"Low"
"Indian Silverbill","Insufficient Data","Insufficient Data",NA,"Low"
"Scaly-breasted Munia","Insufficient Data","Insufficient Data",NA,"Low"
"Black-throated Munia",NA,NA,NA,NA
"White-rumped Munia","Insufficient Data","Insufficient Data",NA,"Low"
"Tricolored Munia","Insufficient Data","Trend Inconclusive",NA,"Low"
"Chestnut Munia",NA,NA,NA,NA
"Green Avadavat",NA,NA,NA,NA
"Red Avadavat","Insufficient Data","Insufficient Data",NA,"Low"
"Alpine Accentor",NA,NA,NA,NA
"Altai Accentor",NA,NA,NA,NA
"Robin Accentor",NA,NA,NA,NA
"Rufous-breasted Accentor",NA,NA,NA,NA
"Brown Accentor",NA,NA,NA,NA
"Black-throated Accentor",NA,NA,NA,NA
"Maroon-backed Accentor",NA,NA,NA,NA
"House Sparrow","Insufficient Data","Insufficient Data",NA,"Low"
"Spanish Sparrow",NA,NA,NA,NA
"Sind Sparrow",NA,NA,NA,NA
"Russet Sparrow",NA,NA,NA,NA
"Eurasian Tree Sparrow",NA,NA,NA,NA
"Yellow-throated Sparrow","Insufficient Data","Insufficient Data",NA,"Low"
"Rock Sparrow",NA,NA,NA,NA
"Pale Rockfinch",NA,NA,NA,NA
"Black-winged Snowfinch",NA,NA,NA,NA
"White-rumped Snowfinch",NA,NA,NA,NA
"Rufous-necked Snowfinch",NA,NA,NA,NA
"Blanford's Snowfinch",NA,NA,NA,NA
"Forest Wagtail","Insufficient Data","Insufficient Data",NA,"Low"
"Gray Wagtail","Insufficient Data","Insufficient Data",NA,"Low"
"Western Yellow Wagtail","Insufficient Data","Insufficient Data",NA,"Low"
"Eastern Yellow Wagtail",NA,NA,NA,NA
"Citrine Wagtail","Insufficient Data","Insufficient Data",NA,"Low"
"White-browed Wagtail","Insufficient Data","Insufficient Data",NA,"Moderate"
"White Wagtail","Insufficient Data","Insufficient Data",NA,"Low"
"Richard's Pipit","Insufficient Data","Insufficient Data",NA,"Low"
"Paddyfield Pipit","Insufficient Data","Insufficient Data",NA,"Low"
"Long-billed Pipit",NA,NA,NA,NA
"Blyth's Pipit","Insufficient Data","Insufficient Data",NA,"Low"
"Tawny Pipit","Insufficient Data","Insufficient Data",NA,"Low"
"Nilgiri Pipit",NA,NA,NA,NA
"Upland Pipit",NA,NA,NA,NA
"Meadow Pipit",NA,NA,NA,NA
"Rosy Pipit",NA,NA,NA,NA
"Tree Pipit","Insufficient Data","Insufficient Data",NA,"Low"
"Olive-backed Pipit","Insufficient Data","Insufficient Data",NA,"Low"
"Red-throated Pipit",NA,NA,NA,NA
"Water Pipit",NA,NA,NA,NA
"Siberian Pipit",NA,NA,NA,NA
"Common Chaffinch",NA,NA,NA,NA
"Brambling",NA,NA,NA,NA
"Black-and-yellow Grosbeak",NA,NA,NA,NA
"Collared Grosbeak",NA,NA,NA,NA
"Spot-winged Grosbeak",NA,NA,NA,NA
"White-winged Grosbeak",NA,NA,NA,NA
"Hawfinch",NA,NA,NA,NA
"Common Rosefinch","Insufficient Data","Insufficient Data",NA,"Low"
"Scarlet Finch",NA,NA,NA,NA
"Blyth's Rosefinch",NA,NA,NA,NA
"Himalayan Beautiful Rosefinch",NA,NA,NA,NA
"Pink-rumped Rosefinch",NA,NA,NA,NA
"Dark-rumped Rosefinch",NA,NA,NA,NA
"Pink-browed Rosefinch",NA,NA,NA,NA
"Spot-winged Rosefinch",NA,NA,NA,NA
"Vinaceous Rosefinch",NA,NA,NA,NA
"Pale Rosefinch",NA,NA,NA,NA
"Sillem's Rosefinch",NA,NA,NA,NA
"Streaked Rosefinch",NA,NA,NA,NA
"Great Rosefinch",NA,NA,NA,NA
"Red-fronted Rosefinch",NA,NA,NA,NA
"Crimson-browed Finch",NA,NA,NA,NA
"Three-banded Rosefinch",NA,NA,NA,NA
"Himalayan White-browed Rosefinch",NA,NA,NA,NA
"Chinese White-browed Rosefinch",NA,NA,NA,NA
"Brown Bullfinch",NA,NA,NA,NA
"Orange Bullfinch",NA,NA,NA,NA
"Red-headed Bullfinch",NA,NA,NA,NA
"Gray-headed Bullfinch",NA,NA,NA,NA
"Crimson-winged Finch",NA,NA,NA,NA
"Trumpeter Finch",NA,NA,NA,NA
"Mongolian Finch",NA,NA,NA,NA
"Blanford's Rosefinch",NA,NA,NA,NA
"Gold-naped Finch",NA,NA,NA,NA
"Spectacled Finch",NA,NA,NA,NA
"Dark-breasted Rosefinch",NA,NA,NA,NA
"Plain Mountain Finch",NA,NA,NA,NA
"Black-headed Mountain Finch",NA,NA,NA,NA
"Desert Finch",NA,NA,NA,NA
"Yellow-breasted Greenfinch",NA,NA,NA,NA
"Black-headed Greenfinch",NA,NA,NA,NA
"Twite",NA,NA,NA,NA
"Eurasian Linnet",NA,NA,NA,NA
"Red Crossbill",NA,NA,NA,NA
"Gray-crowned Goldfinch",NA,NA,NA,NA
"Fire-fronted Serin",NA,NA,NA,NA
"Tibetan Serin",NA,NA,NA,NA
"Eurasian Siskin",NA,NA,NA,NA
"Crested Bunting","Insufficient Data","Insufficient Data",NA,"Low"
"Black-headed Bunting","Insufficient Data","Insufficient Data",NA,"Low"
"Red-headed Bunting","Insufficient Data","Insufficient Data",NA,"Low"
"Chestnut-eared Bunting",NA,NA,NA,NA
"Rock Bunting",NA,NA,NA,NA
"Godlewski's Bunting",NA,NA,NA,NA
"White-capped Bunting",NA,NA,NA,NA
"Yellowhammer",NA,NA,NA,NA
"Pine Bunting",NA,NA,NA,NA
"Gray-necked Bunting","Insufficient Data","Insufficient Data",NA,"Low"
"Ortolan Bunting",NA,NA,NA,NA
"Striolated Bunting",NA,NA,NA,NA
"Reed Bunting",NA,NA,NA,NA
"Yellow-breasted Bunting",NA,NA,NA,NA
"Little Bunting",NA,NA,NA,NA
"Rustic Bunting",NA,NA,NA,NA
"Black-faced Bunting",NA,NA,NA,NA
"Chestnut Bunting",NA,NA,NA,NA
"Yellow-browed Bunting",NA,NA,NA,NA
"Tristram's Bunting",NA,NA,NA,NA
