India.Checklist.Scientific.Name,IUCN.Category,WPA.Schedule,CITES.Appendix,CMS.Appendix,
Dendrocygna bicolor,Least Concern,Schedule-I,,Appendix II,
Dendrocygna javanica,Least Concern,Schedule-II,,,
Anser indicus,Least Concern,Schedule-II,,Appendix II,
Anser anser,Least Concern,Schedule-II,,Appendix II,
Anser albifrons,Least Concern,Schedule-II,,Appendix II,
Anser erythropus,Vulnerable,Schedule-II,,Appendix I,
Anser fabalis,Least Concern,Schedule-II,,Appendix II,
Anser serrirostris,Not recognized,Schedule-II,,Appendix II,
Branta leucopsis,Least Concern,Recent addition,,Appendix II,
Branta ruficollis,Vulnerable,Schedule-II,Appendix II,Appendix I,
Cygnus olor,Least Concern,Schedule-II,,Appendix II,
Cygnus columbianus,Least Concern,Schedule-II,,Appendix II,
Cygnus cygnus,Least Concern,Schedule-II,,Appendix II,
Sarkidiornis melanotos,Least Concern,Schedule-II,Appendix II,Appendix II,
Tadorna ferruginea,Least Concern,Schedule-II,,Appendix II,
Tadorna tadorna,Least Concern,Schedule-II,,Appendix II,
Nettapus coromandelianus,Least Concern,Schedule-I,,Appendix II,
Aix galericulata,Least Concern,Schedule-II,,Appendix II,
Sibirionetta formosa,Least Concern,Schedule-II,Appendix II,Appendix I,
Spatula querquedula,Least Concern,Schedule-II,,Appendix II,
Spatula clypeata,Least Concern,Schedule-II,,Appendix II,
Mareca strepera,Least Concern,Schedule-II,,Appendix II,
Mareca falcata,Near Threatened,Schedule-II,,Appendix II,
Mareca penelope,Least Concern,Schedule-II,,Appendix II,
Anas poecilorhyncha,Least Concern,Schedule-II,,Appendix II,
Anas zonorhyncha,Least Concern,Schedule-II,,Appendix II,
Anas platyrhynchos,Least Concern,Schedule-II,,Appendix II,
Anas acuta,Least Concern,Schedule-II,,Appendix II,
Anas crecca,Least Concern,Schedule-II,,Appendix II,
Anas albogularis,Vulnerable,Schedule-I,,,
Marmaronetta angustirostris,Near Threatened,Schedule-I,,Appendix I,
Rhodonessa caryophyllacea,Critically Endangered,Schedule-I,Appendix I,Appendix II,
Asarcornis scutulata,Endangered,Schedule-I,Appendix I,Appendix II,
Netta rufina,Least Concern,Schedule-II,,Appendix II,
Aythya ferina,Vulnerable,Schedule-I,,Appendix II,
Aythya nyroca,Near Threatened,Schedule-II,,Appendix I,
Aythya baeri,Critically Endangered,Schedule-I,,Appendix I,
Aythya fuligula,Least Concern,Schedule-II,,Appendix II,
Aythya marila,Least Concern,Schedule-II,,Appendix II,
Clangula hyemalis,Vulnerable,Schedule-II,,Appendix II,
Bucephala clangula,Least Concern,Schedule-II,,Appendix II,
Mergellus albellus,Least Concern,Schedule-II,,Appendix II,
Mergus merganser,Least Concern,Schedule-II,,Appendix II,
Mergus serrator,Least Concern,Schedule-II,,Appendix II,
Oxyura leucocephala,Endangered,Schedule-I,Appendix II,Appendix I,
Megapodius nicobariensis,Vulnerable,Schedule-I,,,
Arborophila torqueola,Least Concern,Schedule-II,,,
Arborophila mandellii,Near Threatened,Schedule-I,,,
Arborophila rufogularis,Least Concern,Schedule-II,,,
Arborophila atrogularis,Least Concern,Schedule-II,,,
Lerwa lerwa,Least Concern,Schedule-II,,,
Ithaginis cruentus,Least Concern,Schedule-I,Appendix II,,
Tragopan melanocephalus,Vulnerable,Schedule-I,Appendix I,,
Tragopan satyra,Near Threatened,Schedule-I,,,
Tragopan blythii,Vulnerable,Schedule-I,Appendix I,,
Tragopan temminckii,Least Concern,Schedule-I,,,
Lophophorus impejanus,Least Concern,Schedule-I,Appendix I,,
Lophophorus sclateri,Least Concern,Schedule-I,Appendix I,,
Pucrasia macrolopha,Least Concern,Schedule-II,,,
Perdix hodgsoniae,Least Concern,Schedule-I,,,
Syrmaticus humiae,Vulnerable,Schedule-I,Appendix I,,
Catreus wallichii,Vulnerable,Schedule-I,Appendix I,,
Lophura leucomelanos,Least Concern,Schedule-I,,,
Pavo cristatus,Least Concern,Schedule-I,,,
Pavo muticus,Endangered,Schedule-I,Appendix II,,
Galloperdix spadicea,Least Concern,Schedule-II,,,
Galloperdix lunulata,Least Concern,Schedule-II,,,
Polyplectron bicalcaratum,Least Concern,Schedule-I,Appendix II,,
Bambusicola fytchii,Least Concern,Schedule-I,,,
Gallus gallus,Least Concern,Schedule-II,,,
Gallus sonneratii,Least Concern,Schedule-I,Appendix II,,
Ortygornis pondicerianus,Least Concern,Schedule-II,,,
Ortygornis gularis,Vulnerable,Schedule-I,,,
Francolinus pintadeanus,Least Concern,Schedule-II,,,
Francolinus francolinus,Least Concern,Schedule-II,,,
Francolinus pictus,Least Concern,Schedule-II,,,
Tetraogallus tibetanus,Least Concern,Schedule-I,Appendix I,,
Tetraogallus himalayensis,Least Concern,Schedule-II,,,
Synoicus chinensis,Least Concern,Schedule-II,,,
Coturnix coturnix,Least Concern,Schedule-II,,Appendix II,
Coturnix japonica,Near Threatened,Schedule-II,,,
Coturnix coromandelica,Least Concern,Schedule-II,,,
Alectoris chukar,Least Concern,Schedule-II,,,
Perdicula asiatica,Least Concern,Schedule-II,,,
Perdicula argoondah,Least Concern,Schedule-II,,,
Perdicula erythrorhyncha,Least Concern,Schedule-II,,,
Perdicula manipurensis,Endangered,Schedule-I,,,
Ophrysia superciliosa,Critically Endangered,Schedule-I,,,
Phoenicopterus roseus,Least Concern,Schedule-II,,Appendix II,
Phoeniconaias minor,Near Threatened,Schedule-II,,Appendix II,
Tachybaptus ruficollis,Least Concern,Schedule-II,,,
Podiceps auritus,Vulnerable,Schedule-II,,Appendix II,
Podiceps grisegena,Least Concern,Schedule-II,,Appendix II,
Podiceps cristatus,Least Concern,Schedule-II,,,
Podiceps nigricollis,Least Concern,Schedule-II,,,
Columba livia,Least Concern,Not scheduled,,,
Columba rupestris,Least Concern,Schedule-II,,,
Columba leuconota,Least Concern,Schedule-II,,,
Columba eversmanni,Vulnerable,Schedule-I,,,
Columba palumbus,Least Concern,Schedule-II,,,
Columba hodgsonii,Least Concern,Schedule-II,,,
Columba pulchricollis,Least Concern,Schedule-II,,,
Columba elphinstonii,Vulnerable,Schedule-I,,,
Columba punicea,Vulnerable,Schedule-I,,,
Columba palumboides,Near Threatened,Schedule-II,,,
Streptopelia turtur,Vulnerable,Schedule-II,,,
Streptopelia orientalis,Least Concern,Schedule-II,,,
Streptopelia decaocto,Least Concern,Schedule-II,,,
Streptopelia tranquebarica,Least Concern,Schedule-II,,,
Spilopelia chinensis,Least Concern,Schedule-II,,,
Spilopelia senegalensis,Least Concern,Schedule-II,,,
Macropygia unchall,Least Concern,Schedule-II,,,
Macropygia rufipennis,Least Concern,Schedule-II,,,
Oena capensis,Least Concern,Schedule-II,,,
Chalcophaps indica,Least Concern,Schedule-II,,,
Caloenas nicobarica,Near Threatened,Schedule-I,Appendix I,,
Treron bicinctus,Least Concern,Schedule-II,,,
Treron affinis,Least Concern,Schedule-II,,,
Treron chloropterus,Near Threatened,Schedule-I,,,
Treron phayrei,Near Threatened,Schedule-II,,,
Treron curvirostra,Least Concern,Schedule-II,,,
Treron phoenicopterus,Least Concern,Schedule-II,,,
Treron apicauda,Least Concern,Schedule-II,,,
Treron sphenurus,Least Concern,Schedule-II,,,
Ducula aenea,Near Threatened,Schedule-II,,,
Ducula nicobarica,Near Threatened,Schedule-II,,,
Ducula cuprea,Least Concern,Schedule-II,,,
Ducula badia,Least Concern,Schedule-II,,,
Ducula bicolor,Least Concern,Schedule-II,,,
Syrrhaptes tibetanus,Least Concern,Schedule-II,,,
Syrrhaptes paradoxus,Least Concern,Schedule-II,,,
Pterocles alchata,Least Concern,Schedule-II,,,
Pterocles exustus,Least Concern,Schedule-II,,,
Pterocles senegallus,Least Concern,Schedule-II,,,
Pterocles orientalis,Least Concern,Schedule-II,,,
Pterocles indicus,Least Concern,Schedule-II,,,
Ardeotis nigriceps,Critically Endangered,Schedule-I,Appendix I,Appendix I,
Chlamydotis macqueenii,Vulnerable,Schedule-I,Appendix I,Appendix II,
Houbaropsis bengalensis,Critically Endangered,Schedule-I,Appendix I,Appendix I,
Sypheotides indicus,Critically Endangered,Schedule-I,Appendix II,,
Tetrax tetrax,Near Threatened,Schedule-I,Appendix II,Appendix I,
Centropus andamanensis,Least Concern,Schedule-II,,,
Centropus sinensis,Least Concern,Schedule-II,,,
Centropus bengalensis,Least Concern,Schedule-II,,,
Taccocua leschenaultii,Least Concern,Schedule-II,,,
Phaenicophaeus viridirostris,Least Concern,Schedule-II,,,
Phaenicophaeus tristis,Least Concern,Schedule-II,,,
Clamator coromandus,Least Concern,Schedule-II,,,
Clamator jacobinus,Least Concern,Schedule-II,,,
Eudynamys scolopaceus,Least Concern,Schedule-II,,,
Chrysococcyx maculatus,Least Concern,Schedule-II,,,
Chrysococcyx xanthorhynchus,Least Concern,Schedule-II,,,
Chrysococcyx basalis,Least Concern,Schedule-II,,,
Cacomantis sonneratii,Least Concern,Schedule-II,,,
Cacomantis merulinus,Least Concern,Schedule-II,,,
Cacomantis passerinus,Least Concern,Schedule-II,,,
Surniculus dicruroides,Least Concern,Schedule-II,,,
Surniculus lugubris,Least Concern,Schedule-II,,,
Hierococcyx sparverioides,Least Concern,Schedule-II,,,
Hierococcyx varius,Least Concern,Schedule-II,,,
Hierococcyx nisicolor,Least Concern,Schedule-II,,,
Cuculus poliocephalus,Least Concern,Schedule-II,,,
Cuculus micropterus,Least Concern,Schedule-II,,,
Cuculus saturatus,Least Concern,Schedule-II,,,
Cuculus canorus,Least Concern,Schedule-II,,,
Batrachostomus moniliger,Least Concern,Schedule-I,,,
Batrachostomus hodgsoni,Least Concern,Schedule-I,,,
Lyncornis macrotis,Least Concern,Schedule-II,,,
Caprimulgus indicus,Least Concern,Schedule-II,,,
Caprimulgus jotaka,Least Concern,Schedule-II,,,
Caprimulgus europaeus,Least Concern,Schedule-II,,,
Caprimulgus mahrattensis,Least Concern,Schedule-II,,,
Caprimulgus macrurus,Least Concern,Schedule-II,,,
Caprimulgus andamanicus,Least Concern,Schedule-II,,,
Caprimulgus atripennis,Least Concern,Schedule-II,,,
Caprimulgus asiaticus,Least Concern,Schedule-II,,,
Caprimulgus affinis,Least Concern,Schedule-II,,,
Zoonavena sylvatica,Least Concern,Schedule-II,,,
Hirundapus caudacutus,Least Concern,Schedule-II,,,
Hirundapus cochinchinensis,Least Concern,Schedule-II,,,
Hirundapus giganteus,Least Concern,Schedule-II,,,
Collocalia affinis,Not recognized,Schedule-II,,,
Aerodramus unicolor,Least Concern,Schedule-I,,,
Aerodramus brevirostris,Least Concern,Schedule-II,,,
Aerodramus fuciphagus,Least Concern,Not scheduled,,,
Tachymarptis melba,Least Concern,Schedule-II,,,
Apus apus,Least Concern,Schedule-II,,,
Apus pacificus,Least Concern,Schedule-II,,,
Apus leuconyx,Not recognized,Schedule-II,,,
Apus acuticauda,Vulnerable,Schedule-I,,,
Apus affinis,Least Concern,Schedule-II,,,
Apus nipalensis,Least Concern,Schedule-II,,,
Cypsiurus balasiensis,Least Concern,Schedule-II,,,
Hemiprocne coronata,Least Concern,Schedule-I,,,
Rallus aquaticus,Least Concern,Schedule-II,,,
Rallus indicus,Least Concern,Schedule-II,,,
Crex crex,Least Concern,Schedule-II,,Appendix II,
Lewinia striata,Least Concern,Schedule-II,,,
Porzana porzana,Least Concern,Schedule-II,,Appendix II,
Gallinula chloropus,Least Concern,Schedule-II,,,
Fulica atra,Least Concern,Schedule-II,,Appendix II,
Porphyrio poliocephalus,Not recognized,Schedule-II,,,
Poliolimnas cinereus,Least Concern,Schedule-II,,,
Gallicrex cinerea,Least Concern,Schedule-II,,,
Amaurornis phoenicurus,Least Concern,Schedule-II,,,
Rallina canningi,Least Concern,Schedule-II,,,
Rallina fasciata,Least Concern,Recent addition,,,
Rallina eurizonoides,Least Concern,Schedule-II,,,
Zapornia fusca,Least Concern,Schedule-II,,,
Zapornia akool,Least Concern,Schedule-II,,,
Zapornia parva,Least Concern,Schedule-II,,Appendix II,
Zapornia pusilla,Least Concern,Schedule-II,,,
Zapornia bicolor,Least Concern,Schedule-II,,,
Heliopais personatus,Critically Endangered,Schedule-I,,,
Grus virgo,Least Concern,Schedule-I,Appendix II,Appendix II,
Leucogeranus leucogeranus,Critically Endangered,Schedule-I,Appendix I,Appendix I,
Antigone antigone,Vulnerable,Schedule-I,Appendix II,Appendix II,
Grus grus,Least Concern,Schedule-I,Appendix II,Appendix II,
Grus nigricollis,Near Threatened,Schedule-I,Appendix I,Appendix I,
Esacus recurvirostris,Near Threatened,Schedule-II,,,
Esacus magnirostris,Near Threatened,Schedule-II,,,
Burhinus indicus,Least Concern,Schedule-II,,,
Himantopus himantopus,Least Concern,Schedule-II,,Appendix II,
Recurvirostra avosetta,Least Concern,Schedule-II,,Appendix II,
Ibidorhyncha struthersii,Least Concern,Schedule-I,,Appendix II,
Haematopus ostralegus,Near Threatened,Schedule-II,,Appendix II,
Pluvialis squatarola,Least Concern,Schedule-II,,Appendix II,
Pluvialis apricaria,Least Concern,Schedule-II,,Appendix II,
Pluvialis dominica,Least Concern,Schedule-II,,Appendix II,
Pluvialis fulva,Least Concern,Schedule-I,,Appendix II,
Charadrius hiaticula,Least Concern,Schedule-II,,Appendix II,
Charadrius dubius,Least Concern,Schedule-II,,Appendix II,
Charadrius placidus,Least Concern,Schedule-II,,Appendix II,
Vanellus vanellus,Near Threatened,Schedule-II,,Appendix II,
Vanellus duvaucelii,Near Threatened,Schedule-II,,,
Vanellus malabaricus,Least Concern,Schedule-II,,,
Vanellus cinereus,Least Concern,Schedule-II,,Appendix II,
Vanellus indicus,Least Concern,Schedule-II,,,
Vanellus gregarius,Critically Endangered,Schedule-I,,Appendix I,
Vanellus leucurus,Least Concern,Schedule-II,,Appendix II,
Anarhynchus asiaticus,Least Concern,Schedule-II,,Appendix II,
Anarhynchus veredus,Least Concern,Schedule-II,,Appendix II,
Anarhynchus atrifrons,Least Concern,Schedule-II,,Appendix II,
Anarhynchus leschenaultii,Least Concern,Schedule-II,,Appendix II,
Anarhynchus alexandrinus,Least Concern,Schedule-II,,Appendix II,
Rostratula benghalensis,Least Concern,Schedule-II,,,
Hydrophasianus chirurgus,Least Concern,Schedule-II,,,
Metopidius indicus,Least Concern,Schedule-II,,,
Numenius phaeopus,Least Concern,Schedule-II,,Appendix II,
Numenius arquata,Near Threatened,Schedule-II,,Appendix II,
Limosa lapponica,Near Threatened,Schedule-II,,Appendix II,
Limosa limosa,Near Threatened,Schedule-II,,Appendix II,
Limnodromus semipalmatus,Near Threatened,Schedule-II,,Appendix II,
Limnodromus scolopaceus,Least Concern,Schedule-II,,Appendix II,
Lymnocryptes minimus,Least Concern,Schedule-II,,Appendix II,
Scolopax rusticola,Least Concern,Schedule-II,,Appendix II,
Gallinago solitaria,Least Concern,Schedule-II,,Appendix II,
Gallinago nemoricola,Vulnerable,Schedule-I,,Appendix II,
Gallinago media,Near Threatened,Schedule-II,,Appendix II,
Gallinago megala,Least Concern,Schedule-II,,Appendix II,
Gallinago stenura,Least Concern,Schedule-II,,Appendix II,
Gallinago gallinago,Least Concern,Schedule-II,,Appendix II,
Phalaropus fulicarius,Least Concern,Schedule-II,,Appendix II,
Phalaropus lobatus,Least Concern,Schedule-II,,Appendix II,
Xenus cinereus,Least Concern,Schedule-II,,Appendix II,
Actitis hypoleucos,Least Concern,Schedule-II,,Appendix II,
Tringa ochropus,Least Concern,Schedule-II,,Appendix II,
Tringa brevipes,Near Threatened,Schedule-II,,Appendix II,
Tringa stagnatilis,Least Concern,Schedule-II,,Appendix II,
Tringa glareola,Least Concern,Schedule-II,,Appendix II,
Tringa totanus,Least Concern,Schedule-II,,Appendix II,
Tringa guttifer,Endangered,Recent addition,Appendix I,Appendix I,
Tringa erythropus,Least Concern,Schedule-II,,Appendix II,
Tringa nebularia,Least Concern,Schedule-I,,Appendix II,
Arenaria interpres,Least Concern,Schedule-II,,Appendix II,
Calidris tenuirostris,Endangered,Schedule-I,,Appendix I,
Calidris canutus,Near Threatened,Schedule-II,,Appendix II,
Calidris pugnax,Least Concern,Schedule-II,,Appendix II,
Calidris falcinellus,Least Concern,Schedule-II,,Appendix II,
Calidris acuminata,Vulnerable,Schedule-II,,Appendix II,
Calidris ferruginea,Near Threatened,Schedule-II,,Appendix II,
Calidris temminckii,Least Concern,Schedule-II,,Appendix II,
Calidris subminuta,Least Concern,Schedule-II,,Appendix II,
Calidris ruficollis,Near Threatened,Schedule-II,,Appendix II,
Calidris pygmaea,Critically Endangered,Schedule-I,,Appendix I,
Calidris subruficollis,Near Threatened,Schedule-II,,Appendix I,
Calidris alba,Least Concern,Schedule-II,,Appendix II,
Calidris alpina,Least Concern,Schedule-II,,Appendix II,
Calidris minuta,Least Concern,Schedule-II,,Appendix II,
Calidris melanotos,Least Concern,Schedule-II,,Appendix II,
Turnix tanki,Least Concern,Schedule-II,,,
Turnix suscitator,Least Concern,Schedule-II,,,
Turnix sylvaticus,Least Concern,Schedule-II,,,
Dromas ardeola,Least Concern,Schedule-II,,Appendix II,
Rhinoptilus bitorquatus,Critically Endangered,Schedule-I,,,
Cursorius cursor,Least Concern,Schedule-II,,,
Cursorius coromandelicus,Least Concern,Schedule-I,,,
Glareola lactea,Least Concern,Schedule-II,,,
Glareola maldivarum,Least Concern,Schedule-II,,,
Glareola pratincola,Least Concern,Schedule-II,,Appendix II,
Stercorarius longicaudus,Least Concern,Schedule-II,,,
Stercorarius parasiticus,Least Concern,Schedule-II,,,
Stercorarius pomarinus,Least Concern,Schedule-II,,,
Stercorarius antarcticus,Least Concern,Schedule-II,,,
Stercorarius maccormicki,Least Concern,Schedule-II,,,
Hydrocoloeus minutus,Least Concern,Schedule-II,,,
Rissa tridactyla,Vulnerable,Schedule-II,,,
Xema sabini,Least Concern,Schedule-II,,,
Chroicocephalus genei,Least Concern,Schedule-II,,Appendix II,
Chroicocephalus ridibundus,Least Concern,Schedule-II,,,
Chroicocephalus brunnicephalus,Least Concern,Schedule-II,,,
Leucophaeus atricilla,Least Concern,Recent addition,,,
Leucophaeus pipixcan,Least Concern,Schedule-II,,,
Ichthyaetus ichthyaetus,Least Concern,Schedule-II,,Appendix II,
Ichthyaetus hemprichii,Least Concern,Schedule-II,,Appendix II,
Ichthyaetus leucophthalmus,Least Concern,Schedule-II,,Appendix I,
Larus canus,Least Concern,Schedule-II,,,
Larus cachinnans,Least Concern,Schedule-II,,,
Larus smithsonianus mongolicus,Least Concern,Schedule-II,,,
Larus fuscus,Least Concern,Schedule-II,,,
Rynchops albicollis,Endangered,Schedule-I,,,
Gygis alba,Least Concern,Schedule-II,,,
Anous stolidus,Least Concern,Schedule-II,,,
Anous tenuirostris,Least Concern,Schedule-II,,,
Anous minutus,Least Concern,Schedule-II,,Appendix II,
Onychoprion fuscatus,Least Concern,Schedule-II,,,
Onychoprion anaethetus,Least Concern,Schedule-II,,,
Sternula albifrons,Least Concern,Schedule-II,,Appendix II,
Sternula saundersi,Least Concern,Schedule-II,,Appendix II,
Gelochelidon nilotica,Least Concern,Schedule-I,,Appendix II,
Hydroprogne caspia,Least Concern,Schedule-II,,Appendix II,
Chlidonias hybrida,Least Concern,Schedule-II,,,
Chlidonias niger,Least Concern,Schedule-II,,Appendix II,
Chlidonias leucopterus,Least Concern,Schedule-II,,Appendix II,
Sterna aurantia,Vulnerable,Schedule-I,,,
Sterna paradisaea,Least Concern,Schedule-II,,Appendix II,
Sterna hirundo,Least Concern,Schedule-II,,Appendix II,
Sterna repressa,Least Concern,Schedule-II,,Appendix II,
Sterna sumatrana,Least Concern,Schedule-II,,,
Sterna dougallii,Least Concern,Schedule-II,,Appendix II,
Sterna acuticauda,Endangered,Schedule-I,,,
Thalasseus sandvicensis,Least Concern,Schedule-II,,Appendix II,
Thalasseus bengalensis,Least Concern,Schedule-II,,Appendix II,
Thalasseus bergii,Least Concern,Schedule-II,,Appendix II,
Phaethon lepturus,Least Concern,Schedule-II,,,
Phaethon aethereus,Least Concern,Schedule-II,,,
Phaethon rubricauda,Least Concern,Schedule-II,,,
Gavia stellata,Least Concern,Schedule-II,,Appendix II,
Gavia arctica,Least Concern,Schedule-II,,Appendix II,
Phoebetria palpebrata,Near Threatened,Recent addition,,Appendix II,
Oceanites oceanicus,Least Concern,Schedule-II,,,
Pelagodroma marina,Least Concern,Schedule-II,,,
Fregetta tropica,Least Concern,Schedule-II,,,
Hydrobates monorhis,Near Threatened,Schedule-II,,,
Pterodroma baraui,Endangered,Schedule-II,,,
Bulweria fallax,Near Threatened,Schedule-II,,,
Calonectris leucomelas,Near Threatened,Schedule-II,,,
Calonectris borealis,Least Concern,Schedule-II,,,
Ardenna carneipes,Near Threatened,Schedule-II,,,
Ardenna pacifica,Least Concern,Schedule-II,,,
Ardenna grisea,Near Threatened,Recent addition,,,
Ardenna tenuirostris,Least Concern,Schedule-II,,,
Puffinus bailloni,Least Concern,Schedule-II,,,
Puffinus persicus,Least Concern,Schedule-II,,,
Anastomus oscitans,Least Concern,Schedule-II,,,
Ciconia nigra,Least Concern,Schedule-II,Appendix II,Appendix II,
Ciconia episcopus,Near Threatened,Schedule-II,,,
Ciconia ciconia,Least Concern,Schedule-I,,Appendix II,
Ephippiorhynchus asiaticus,Near Threatened,Schedule-II,,,
Leptoptilos javanicus,Near Threatened,Schedule-I,,,
Leptoptilos dubius,Near Threatened,Schedule-I,,,
Mycteria leucocephala,Least Concern,Schedule-II,Appendix I,,
Fregata ariel,Least Concern,Schedule-II,,,
Fregata minor,Least Concern,Schedule-II,,,
Fregata andrewsi,Vulnerable,Schedule-I,Appendix I,Appendix I,
Sula sula,Least Concern,Schedule-II,,,
Sula leucogaster,Least Concern,Schedule-II,,,
Sula dactylatra,Least Concern,Schedule-II,,,
Anhinga melanogaster,Near Threatened,Schedule-II,,,
Microcarbo niger,Least Concern,Schedule-II,,,
Phalacrocorax carbo,Least Concern,Schedule-II,,,
Phalacrocorax fuscicollis,Least Concern,Schedule-II,,,
Pelecanus onocrotalus,Least Concern,Schedule-II,,Appendix I,
Pelecanus philippensis,Near Threatened,Schedule-II,,,
Pelecanus crispus,Near Threatened,Schedule-II,Appendix I,Appendix I,
Botaurus stellaris,Least Concern,Schedule-II,,Appendix II,
Ixobrychus flavicollis,Least Concern,Schedule-II,,,
Ixobrychus cinnamomeus,Least Concern,Schedule-I,,,
Ixobrychus minutus,Least Concern,Schedule-II,,Appendix II,
Ixobrychus sinensis,Least Concern,Schedule-II,,,
Nycticorax nycticorax,Least Concern,Schedule-II,,,
Gorsachius melanolophus,Least Concern,Schedule-II,,,
Egretta sacra,Least Concern,Schedule-II,,,
Egretta eulophotes,Vulnerable,Schedule-II,,Appendix I,
Egretta garzetta,Least Concern,Schedule-II,,,
Egretta gularis,Least Concern,Schedule-II,,,
Oroanassa magnifica,Endangered,Schedule-I,,,
Butorides striata,Least Concern,Schedule-II,,,
Ardeola grayii,Least Concern,Schedule-II,,,
Ardeola bacchus,Least Concern,Schedule-II,,,
Ardeola speciosa,Least Concern,Schedule-II,,,
Bubulcus coromandus,Not recognized,Schedule-II,,,
Ardea alba,Least Concern,Schedule-II,,,
Ardea intermedia,Least Concern,Schedule-II,,,
Ardea cinerea,Least Concern,Schedule-II,,,
Ardea purpurea,Least Concern,Schedule-II,,,
Ardea insignis,Critically Endangered,Schedule-I,,,
Ardea goliath,Least Concern,Schedule-II,,,
Plegadis falcinellus,Least Concern,Schedule-II,,Appendix II,
Threskiornis melanocephalus,Near Threatened,Schedule-II,,,
Pseudibis papillosa,Least Concern,Schedule-II,,,
Platalea leucorodia,Least Concern,Schedule-I,Appendix II,Appendix II,
Pandion haliaetus,Least Concern,Schedule-I,Appendix II,Appendix II,
Elanus caeruleus,Least Concern,Schedule-II,Appendix II,,
Gypaetus barbatus,Near Threatened,Schedule-I,Appendix II,Appendix II,
Neophron percnopterus,Endangered,Schedule-I,Appendix II,Appendix I,
Pernis apivorus,Least Concern,Schedule-II,Appendix II,Appendix II,
Pernis ptilorhynchus,Least Concern,Schedule-II,Appendix II,Appendix II,
Aviceda jerdoni,Least Concern,Schedule-I,Appendix II,Appendix II,
Aviceda leuphotes,Least Concern,Schedule-I,Appendix II,Appendix II,
Sarcogyps calvus,Critically Endangered,Schedule-I,Appendix II,Appendix I,
Aegypius monachus,Near Threatened,Schedule-I,Appendix II,Appendix II,
Gyps bengalensis,Critically Endangered,Schedule-I,Appendix II,Appendix I,
Gyps indicus,Critically Endangered,Schedule-I,Appendix II,Appendix I,
Gyps tenuirostris,Critically Endangered,Schedule-I,Appendix II,Appendix I,
Gyps himalayensis,Near Threatened,Schedule-I,Appendix II,Appendix II,
Gyps fulvus,Least Concern,Schedule-I,Appendix II,Appendix II,
Spilornis klossi,Endangered,Schedule-I,Appendix II,,
Spilornis cheela,Least Concern,Schedule-I,Appendix II,,
Spilornis elgini,Vulnerable,Schedule-I,Appendix II,,
Circaetus gallicus,Least Concern,Schedule-I,Appendix II,Appendix II,
Nisaetus kelaarti,Not recognized,Schedule-II,Appendix II,,
Nisaetus nipalensis,Near Threatened,Schedule-I,Appendix II,,
Nisaetus cirrhatus,Least Concern,Schedule-I,Appendix II,,
Lophotriorchis kienerii,Near Threatened,Schedule-I,Appendix II,,
Ictinaetus malaiensis,Least Concern,Schedule-I,Appendix II,,
Clanga hastata,Vulnerable,Schedule-I,Appendix II,,
Clanga clanga,Vulnerable,Schedule-I,Appendix II,Appendix I,
Hieraaetus pennatus,Least Concern,Schedule-I,Appendix II,Appendix II,
Aquila rapax,Vulnerable,Schedule-I,Appendix II,Appendix II,
Aquila nipalensis,Endangered,Schedule-I,Appendix II,Appendix I,
Aquila heliaca,Vulnerable,Schedule-I,Appendix I,Appendix I,
Aquila chrysaetos,Least Concern,Schedule-I,Appendix II,Appendix II,
Aquila fasciata,Least Concern,Schedule-I,Appendix II,,
Butastur teesa,Least Concern,Schedule-I,Appendix II,,
Butastur liventer,Least Concern,Recent addition,Appendix II,,
Butastur indicus,Least Concern,Schedule-I,Appendix II,Appendix II,
Circus aeruginosus,Least Concern,Schedule-I,Appendix II,Appendix II,
Circus spilonotus,Least Concern,Schedule-I,Appendix II,Appendix II,
Circus cyaneus,Least Concern,Schedule-I,Appendix II,Appendix II,
Circus macrourus,Near Threatened,Schedule-I,Appendix II,Appendix II,
Circus melanoleucos,Least Concern,Schedule-I,Appendix II,Appendix II,
Circus pygargus,Least Concern,Schedule-I,Appendix II,Appendix II,
Accipiter trivirgatus,Least Concern,Schedule-I,Appendix II,,
Accipiter badius,Least Concern,Schedule-I,Appendix II,Appendix II,
Accipiter butleri,Vulnerable,Schedule-I,Appendix II,,
Accipiter soloensis,Least Concern,Schedule-I,Appendix II,Appendix II,
Accipiter gularis,Least Concern,Schedule-I,Appendix II,Appendix II,
Accipiter virgatus,Least Concern,Schedule-I,Appendix II,Appendix II,
Accipiter nisus,Least Concern,Schedule-I,Appendix II,Appendix II,
Accipiter gentilis,Least Concern,Schedule-I,Appendix II,Appendix II,
Milvus milvus,Least Concern,Schedule-I,Appendix II,Appendix II,
Milvus migrans,Least Concern,Schedule-II,Appendix II,Appendix II,
Haliastur indus,Least Concern,Schedule-I,Appendix II,,
Haliaeetus leucoryphus,Endangered,Schedule-I,Appendix II,Appendix I,
Haliaeetus albicilla,Least Concern,Schedule-I,Appendix I,Appendix I,
Icthyophaga leucogaster,Least Concern,Schedule-I,Appendix II,Appendix II,
Icthyophaga humilis,Near Threatened,Schedule-I,Appendix II,,
Icthyophaga ichthyaetus,Near Threatened,Schedule-I,Appendix II,,
Buteo lagopus,Least Concern,Schedule-II,Appendix II,Appendix II,
Buteo buteo,Least Concern,Schedule-I,Appendix II,Appendix II,
Buteo refectus,Least Concern,Schedule-I,Appendix II,Appendix II,
Buteo rufinus,Least Concern,Schedule-I,Appendix II,Appendix II,
Buteo hemilasius,Least Concern,Schedule-I,Appendix II,Appendix II,
Tyto longimembris,Least Concern,Schedule-II,Appendix II,,
Tyto alba,Least Concern,Schedule-I,Appendix II,,
Tyto deroepstorffi,Not recognized,Schedule-I,Appendix II,,
Phodilus badius,Least Concern,Schedule-II,Appendix II,,
Phodilus assimilis,Least Concern,Schedule-II,Appendix II,,
Otus balli,Least Concern,Schedule-II,Appendix II,,
Otus spilocephalus,Least Concern,Schedule-II,Appendix II,,
Otus bakkamoena,Least Concern,Schedule-II,Appendix II,,
Otus lettia,Least Concern,Schedule-II,Appendix II,,
Otus alius,Near Threatened,Schedule-II,Appendix II,,
Otus scops,Least Concern,Schedule-II,Appendix II,,
Otus brucei,Least Concern,Schedule-II,Appendix II,,
Otus sunia,Least Concern,Schedule-II,Appendix II,,
Bubo bengalensis,Least Concern,Schedule-I,Appendix II,,
Bubo bubo,Least Concern,Schedule-I,Appendix II,,
Ketupa ketupu,Least Concern,Schedule-I,Appendix II,,
Ketupa zeylonensis,Least Concern,Schedule-I,Appendix II,,
Ketupa flavipes,Least Concern,Schedule-I,Appendix II,,
Ketupa coromanda,Least Concern,Schedule-II,Appendix II,,
Ketupa nipalensis,Least Concern,Schedule-I,Appendix II,,
Glaucidium cuculoides,Least Concern,Schedule-II,Appendix II,,
Glaucidium radiatum,Least Concern,Schedule-II,Appendix II,,
Taenioptynx brodiei,Least Concern,Schedule-II,Appendix II,,
Athene brama,Least Concern,Schedule-II,Appendix II,,
Athene noctua,Least Concern,Schedule-II,Appendix II,,
Athene blewitti,Endangered,Schedule-I,Appendix I,,
Strix ocellata,Least Concern,Schedule-I,Appendix II,,
Strix leptogrammica,Least Concern,Schedule-I,Appendix II,,
Strix aluco,Least Concern,Schedule-II,Appendix II,,
Strix nivicolum,Least Concern,Schedule-II,Appendix II,,
Asio otus,Least Concern,Schedule-I,Appendix II,Appendix II,
Asio flammeus,Least Concern,Schedule-I,Appendix II,,
Aegolius funereus,Least Concern,Schedule-II,Appendix II,,
Ninox affinis,Least Concern,Schedule-II,Appendix II,,
Ninox scutulata,Least Concern,Schedule-II,Appendix II,,
Ninox obscura,Least Concern,Schedule-II,Appendix II,,
Harpactes fasciatus,Least Concern,Schedule-II,,,
Harpactes erythrocephalus,Least Concern,Schedule-II,,,
Harpactes wardi,Least Concern,Schedule-I,,,
Upupa epops,Least Concern,Schedule-II,,,
Buceros bicornis,Vulnerable,Schedule-I,Appendix I,,
Anorrhinus austeni,Near Threatened,Schedule-I,Appendix II,,
Ocyceros birostris,Least Concern,Schedule-II,,,
Ocyceros griseus,Vulnerable,Schedule-I,,,
Anthracoceros coronatus,Near Threatened,Schedule-I,Appendix II,,
Anthracoceros albirostris,Least Concern,Schedule-I,Appendix II,,
Aceros nipalensis,Vulnerable,Schedule-I,Appendix I,,
Rhyticeros undulatus,Vulnerable,Schedule-I,Appendix II,,
Rhyticeros narcondami,Vulnerable,Schedule-I,Appendix II,,
Alcedo hercules,Near Threatened,Schedule-I,,,
Alcedo atthis,Least Concern,Schedule-II,,,
Alcedo meninting,Least Concern,Schedule-II,,,
Ceyx erithaca,Near Threatened,Schedule-II,,,
Ceyx rufidorsa,Least Concern,Schedule-II,,,
Pelargopsis amauroptera,Near Threatened,Schedule-II,,,
Pelargopsis capensis,Least Concern,Schedule-II,,,
Halcyon coromanda,Least Concern,Schedule-II,,,
Halcyon smyrnensis,Least Concern,Schedule-II,,,
Halcyon pileata,Vulnerable,Schedule-II,,,
Todiramphus chloris,Least Concern,Schedule-II,,,
Megaceryle lugubris,Least Concern,Schedule-II,,,
Ceryle rudis,Least Concern,Schedule-II,,,
Nyctyornis athertoni,Least Concern,Schedule-II,,,
Merops orientalis,Least Concern,Schedule-II,,,
Merops viridis,Least Concern,Schedule-II,,,
Merops persicus,Least Concern,Schedule-II,,,
Merops philippinus,Least Concern,Schedule-II,,,
Merops apiaster,Least Concern,Schedule-II,,Appendix II,
Merops leschenaulti,Least Concern,Schedule-II,,,
Coracias garrulus,Least Concern,Schedule-II,,Appendix I,
Coracias benghalensis,Least Concern,Schedule-II,,,
Coracias affinis,Least Concern,Schedule-II,,,
Eurystomus orientalis,Least Concern,Schedule-II,,,
Psilopogon malabaricus,Least Concern,Schedule-II,,,
Psilopogon haemacephalus,Least Concern,Schedule-II,,,
Psilopogon cyanotis,Least Concern,Schedule-II,,,
Psilopogon virens,Least Concern,Schedule-II,,,
Psilopogon lineatus,Least Concern,Schedule-II,,,
Psilopogon zeylanicus,Least Concern,Schedule-II,,,
Psilopogon viridis,Least Concern,Schedule-II,,,
Psilopogon franklinii,Least Concern,Schedule-II,,,
Psilopogon asiaticus,Least Concern,Schedule-II,,,
Indicator xanthonotus,Near Threatened,Schedule-II,,,
Jynx torquilla,Least Concern,Schedule-II,,,
Picumnus innominatus,Least Concern,Schedule-II,,,
Sasia ochracea,Least Concern,Schedule-II,,,
Hemicircus canente,Least Concern,Schedule-I,,,
Yungipicus nanus,Least Concern,Schedule-II,,,
Yungipicus canicapillus,Least Concern,Schedule-II,,,
Leiopicus mahrattensis,Least Concern,Schedule-I,,,
Dendrocoptes auriceps,Least Concern,Schedule-II,,,
Dendrocopos hyperythrus,Least Concern,Schedule-II,,,
Dendrocopos macei,Least Concern,Schedule-II,,,
Dendrocopos analis,Least Concern,Schedule-II,,,
Dendrocopos atratus,Least Concern,Schedule-II,,,
Dendrocopos darjellensis,Least Concern,Schedule-II,,,
Dendrocopos major,Least Concern,Schedule-II,,,
Dendrocopos himalayensis,Least Concern,Schedule-II,,,
Dendrocopos assimilis,Least Concern,Schedule-II,,,
Dryobates cathpharius,Least Concern,Schedule-II,,,
Blythipicus pyrrhotis,Least Concern,Schedule-II,,,
Chrysocolaptes guttacristatus,Least Concern,Schedule-II,,,
Chrysocolaptes socialis,Not recognized,Schedule-II,,,
Chrysocolaptes festivus,Least Concern,Schedule-II,,,
Micropternus brachyurus,Least Concern,Schedule-II,,,
Gecinulus grantia,Least Concern,Schedule-II,,,
Dinopium shorii,Least Concern,Schedule-II,,,
Dinopium javanense,Least Concern,Schedule-II,,,
Dinopium benghalense,Least Concern,Schedule-II,,,
Picus chlorolophus,Least Concern,Schedule-II,,,
Picus xanthopygaeus,Least Concern,Schedule-II,,,
Picus squamatus,Least Concern,Schedule-II,,,
Picus canus,Least Concern,Schedule-II,,,
Chrysophlegma flavinucha,Least Concern,Schedule-II,,,
Mulleripicus pulverulentus,Vulnerable,Schedule-I,,,
Dryocopus javensis,Least Concern,Schedule-II,,,
Dryocopus hodgei,Vulnerable,Schedule-I,,,
Microhierax melanoleucos,Least Concern,Schedule-II,Appendix II,Appendix II,
Microhierax caerulescens,Least Concern,Schedule-II,Appendix II,Appendix II,
Falco naumanni,Least Concern,Schedule-II,Appendix II,Appendix I,
Falco tinnunculus,Least Concern,Schedule-II,Appendix II,Appendix II,
Falco chicquera,Near Threatened,Schedule-I,Appendix II,Appendix II,
Falco vespertinus,Vulnerable,Schedule-II,Appendix II,Appendix I,
Falco amurensis,Least Concern,Schedule-I,Appendix II,Appendix II,
Falco columbarius,Least Concern,Schedule-II,Appendix II,Appendix II,
Falco subbuteo,Least Concern,Schedule-II,Appendix II,Appendix II,
Falco severus,Least Concern,Schedule-II,Appendix II,Appendix II,
Falco jugger,Near Threatened,Schedule-I,Appendix I,Appendix II,
Falco cherrug,Endangered,Schedule-I,Appendix II,Appendix I,
Falco peregrinus,Least Concern,Schedule-I,Appendix I,Appendix II,
Psittacula eupatria,Near Threatened,Schedule-II,Appendix II,,
Psittacula krameri,Least Concern,Schedule-II,,,
Psittacula himalayana,Least Concern,Schedule-II,Appendix II,,
Psittacula finschii,Near Threatened,Schedule-II,Appendix II,,
Psittacula cyanocephala,Least Concern,Schedule-II,Appendix II,,
Psittacula roseata,Near Threatened,Schedule-II,Appendix II,,
Psittacula columboides,Least Concern,Schedule-II,Appendix II,,
Psittacula derbiana,Near Threatened,Schedule-I,Appendix II,,
Psittacula alexandri,Near Threatened,Schedule-I,Appendix II,,
Psittacula caniceps,Near Threatened,Schedule-II,Appendix II,,
Psittacula longicauda,Vulnerable,Schedule-II,Appendix II,,
Loriculus vernalis,Least Concern,Schedule-II,Appendix II,,
Psarisomus dalhousiae,Least Concern,Schedule-II,,,
Serilophus rubropygius,Least Concern,Schedule-II,,,
Hydrornis nipalensis,Least Concern,Schedule-II,,,
Hydrornis cyaneus,Least Concern,Schedule-II,,,
Pitta brachyura,Least Concern,Schedule-II,,,
Pitta moluccensis,Least Concern,Schedule-II,,,
Pitta abbotti,Not recognized,Schedule-II,,,
Pitta sordida,Least Concern,Schedule-II,,,
Pitta megarhyncha,Near Threatened,Schedule-II,,,
Pericrocotus erythropygius,Least Concern,Schedule-II,,,
Pericrocotus cinnamomeus,Least Concern,Schedule-I,,,
Pericrocotus solaris,Least Concern,Schedule-II,,,
Pericrocotus brevirostris,Least Concern,Schedule-II,,,
Pericrocotus ethologus,Least Concern,Schedule-II,,,
Pericrocotus flammeus,Not recognized,Schedule-II,,,
Pericrocotus speciosus,Least Concern,Schedule-II,,,
Pericrocotus divaricatus,Least Concern,Schedule-II,,,
Pericrocotus cantonensis,Least Concern,Schedule-II,,,
Pericrocotus roseus,Least Concern,Schedule-II,,,
Coracina macei,Least Concern,Schedule-II,,,
Coracina dobsoni,Near Threatened,Schedule-II,,,
Lalage nigra,Least Concern,Schedule-II,,,
Lalage melaschistos,Least Concern,Schedule-II,,,
Lalage melanoptera,Least Concern,Schedule-II,,,
Pteruthius rufiventer,Least Concern,Schedule-II,,,
Pteruthius aeralatus,Least Concern,Schedule-II,,,
Pteruthius xanthochlorus,Least Concern,Schedule-II,,,
Pteruthius melanotis,Least Concern,Schedule-II,,,
Pteruthius intermedius,Not recognized,Schedule-II,,,
Erpornis zantholeuca,Least Concern,Schedule-II,,,
Pachycephala cinerea,Least Concern,Schedule-II,,,
Oriolus oriolus,Least Concern,Schedule-II,,Appendix II,
Oriolus kundoo,Least Concern,Schedule-II,,Appendix II,
Oriolus chinensis,Least Concern,Schedule-II,,Appendix II,
Oriolus tenuirostris,Least Concern,Schedule-II,,Appendix II,
Oriolus xanthornus,Least Concern,Schedule-II,,,
Oriolus traillii,Least Concern,Schedule-II,,,
Artamus fuscus,Least Concern,Schedule-II,,,
Artamus leucorynchus,Least Concern,Schedule-II,,,
Tephrodornis sylvicola,Least Concern,Schedule-II,,,
Tephrodornis virgatus,Least Concern,Schedule-II,,,
Tephrodornis pondicerianus,Least Concern,Schedule-II,,,
Hemipus picatus,Least Concern,Schedule-II,,,
Aegithina tiphia,Least Concern,Schedule-II,,,
Aegithina nigrolutea,Least Concern,Schedule-II,,,
Rhipidura albicollis,Least Concern,Schedule-II,,,
Rhipidura albogularis,Least Concern,Schedule-II,,,
Rhipidura aureola,Least Concern,Schedule-II,,,
Dicrurus macrocercus,Least Concern,Schedule-II,,,
Dicrurus leucophaeus,Least Concern,Schedule-II,,,
Dicrurus caerulescens,Least Concern,Schedule-II,,,
Dicrurus annectens,Least Concern,Schedule-II,,,
Dicrurus aeneus,Least Concern,Schedule-II,,,
Dicrurus remifer,Least Concern,Schedule-II,,,
Dicrurus hottentottus,Least Concern,Schedule-II,,,
Dicrurus andamanensis,Least Concern,Schedule-II,,,
Dicrurus paradiseus,Least Concern,Schedule-II,,,
Hypothymis azurea,Least Concern,Schedule-II,,,
Terpsiphone incei,Least Concern,Schedule-II,,Appendix II,
Terpsiphone affinis,Least Concern,Schedule-II,,Appendix II,
Terpsiphone paradisi,Least Concern,Schedule-II,,Appendix II,
Lanius tigrinus,Least Concern,Recent addition,,,
Lanius collurio,Least Concern,Schedule-II,,,
Lanius phoenicuroides,Least Concern,Schedule-II,,,
Lanius isabellinus,Least Concern,Schedule-II,,,
Lanius cristatus,Least Concern,Schedule-II,,,
Lanius collurioides,Least Concern,Schedule-II,,,
Lanius vittatus,Least Concern,Schedule-II,,,
Lanius schach,Least Concern,Schedule-II,,,
Lanius tephronotus,Least Concern,Schedule-II,,,
Lanius excubitor,Least Concern,Schedule-II,,,
Lanius minor,Least Concern,Schedule-II,,Appendix II,
Lanius giganteus,Least Concern,Recent addition,,,
Lanius nubicus,Least Concern,Schedule-II,,,
Lanius senator,Near Threatened,Schedule-II,,,
Garrulus glandarius,Least Concern,Schedule-II,,,
Garrulus lanceolatus,Least Concern,Schedule-II,,,
Urocissa flavirostris,Least Concern,Schedule-II,,,
Urocissa erythroryncha,Least Concern,Schedule-II,,,
Cissa chinensis,Least Concern,Schedule-II,,,
Dendrocitta vagabunda,Least Concern,Schedule-II,,,
Dendrocitta formosae,Least Concern,Schedule-II,,,
Dendrocitta leucogastra,Least Concern,Schedule-II,,,
Dendrocitta frontalis,Least Concern,Schedule-II,,,
Dendrocitta bayleii,Vulnerable,Schedule-I,,,
Pica bottanensis,Not recognized,Recent addition,,,
Pica pica,Least Concern,Schedule-II,,,
Nucifraga caryocatactes,Least Concern,Schedule-II,,,
Nucifraga multipunctata,Least Concern,Schedule-II,,,
Pyrrhocorax pyrrhocorax,Least Concern,Schedule-II,,,
Pyrrhocorax graculus,Least Concern,Schedule-II,,,
Corvus monedula,Least Concern,Schedule-II,,,
Corvus splendens,Least Concern,Not scheduled,,,
Corvus frugilegus,Least Concern,Schedule-II,,,
Corvus corone,Least Concern,Schedule-II,,,
Corvus cornix,Not recognized,Schedule-II,,,
Corvus macrorhynchos,Least Concern,Schedule-II,,,
Corvus albus,Least Concern,Schedule-II,,,
Corvus corax,Least Concern,Schedule-II,,,
Chelidorhynx hypoxanthus,Least Concern,Schedule-II,,,
Culicicapa ceylonensis,Least Concern,Schedule-II,,,
Cephalopyrus flammiceps,Least Concern,Schedule-II,,,
Sylviparus modestus,Least Concern,Schedule-II,,,
Melanochlora sultanea,Least Concern,Schedule-II,,,
Periparus ater,Least Concern,Schedule-II,,,
Periparus rufonuchalis,Least Concern,Schedule-II,,,
Periparus rubidiventris,Least Concern,Schedule-II,,,
Lophophanes dichrous,Least Concern,Schedule-II,,,
Cyanistes cyanus,Least Concern,Schedule-II,,,
Pseudopodoces humilis,Least Concern,Schedule-II,,,
Parus monticolus,Least Concern,Schedule-II,,,
Parus cinereus,Not recognized,Schedule-II,,,
Machlolophus nuchalis,Vulnerable,Schedule-I,,,
Machlolophus xanthogenys,Least Concern,Schedule-II,,,
Machlolophus aplonotus,Not recognized,Schedule-II,,,
Machlolophus spilonotus,Least Concern,Schedule-II,,,
Remiz coronatus,Least Concern,Schedule-II,,,
Alaemon alaudipes,Least Concern,Schedule-II,,,
Ammomanes phoenicura,Least Concern,Schedule-II,,,
Ammomanes deserti,Least Concern,Schedule-II,,,
Eremopterix nigriceps,Least Concern,Schedule-II,,,
Eremopterix griseus,Least Concern,Schedule-II,,,
Mirafra javanica,Least Concern,Schedule-II,,,
Mirafra assamica,Least Concern,Schedule-II,,,
Mirafra affinis,Least Concern,Schedule-II,,,
Mirafra erythroptera,Least Concern,Schedule-II,,,
Eremophila alpestris,Least Concern,Schedule-II,,,
Calandrella brachydactyla,Least Concern,Schedule-II,,,
Calandrella dukhunensis,Least Concern,Schedule-II,,,
Calandrella acutirostris,Least Concern,Schedule-II,,,
Melanocorypha bimaculata,Least Concern,Schedule-II,,,
Melanocorypha maxima,Least Concern,Schedule-II,,,
Alaudala heinei,Least Concern,Schedule-II,,,
Alaudala raytal,Least Concern,Schedule-II,,,
Alauda arvensis,Least Concern,Schedule-II,,,
Alauda gulgula,Least Concern,Schedule-II,,,
Galerida cristata,Least Concern,Schedule-II,,,
Galerida malabarica,Least Concern,Schedule-II,,,
Galerida deva,Least Concern,Schedule-II,,,
Orthotomus sutorius,Least Concern,Schedule-II,,,
Orthotomus atrogularis,Least Concern,Schedule-II,,,
Prinia crinigera,Least Concern,Schedule-II,,,
Prinia atrogularis,Least Concern,Schedule-II,,,
Prinia khasiana,Least Concern,Schedule-II,,,
Prinia superciliaris,Least Concern,Schedule-II,,,
Prinia cinereocapilla,Vulnerable,Schedule-I,,,
Prinia buchanani,Least Concern,Schedule-I,,,
Prinia rufescens,Least Concern,Schedule-II,,,
Prinia hodgsonii,Least Concern,Schedule-II,,,
Prinia lepida,Not recognized,Schedule-II,,,
Prinia sylvatica,Least Concern,Schedule-II,,,
Prinia flaviventris,Least Concern,Schedule-II,,,
Prinia socialis,Least Concern,Schedule-II,,,
Prinia inornata,Least Concern,Schedule-II,,,
Cisticola juncidis,Least Concern,Schedule-II,,,
Cisticola exilis,Least Concern,Schedule-II,,,
Arundinax aedon,Least Concern,Schedule-II,,Appendix II,
Iduna caligata,Least Concern,Schedule-II,,Appendix II,
Iduna rama,Least Concern,Schedule-II,,Appendix II,
Acrocephalus bistrigiceps,Least Concern,Schedule-II,,Appendix II,
Acrocephalus melanopogon,Least Concern,Schedule-II,,Appendix II,
Acrocephalus schoenobaenus,Least Concern,Schedule-II,,Appendix II,
Acrocephalus agricola,Least Concern,Schedule-II,,Appendix II,
Acrocephalus concinens,Least Concern,Schedule-II,,Appendix II,
Acrocephalus dumetorum,Least Concern,Schedule-II,,Appendix II,
Acrocephalus orinus,Least Concern,Schedule-II,,Appendix II,
Acrocephalus arundinaceus,Least Concern,Schedule-II,,Appendix II,
Acrocephalus orientalis,Least Concern,Schedule-II,,Appendix II,
Acrocephalus stentoreus,Least Concern,Schedule-II,,Appendix II,
Helopsaltes certhiola,Least Concern,Schedule-II,,Appendix II,
Locustella lanceolata,Least Concern,Schedule-II,,Appendix II,
Locustella luteoventris,Least Concern,Schedule-II,,Appendix II,
Locustella naevia,Least Concern,Schedule-II,,Appendix II,
Locustella major,Near Threatened,Schedule-II,,Appendix II,
Locustella tacsanowskia,Least Concern,Schedule-II,,Appendix II,
Locustella davidi,Least Concern,Schedule-II,,Appendix II,
Locustella kashmirensis,Least Concern,Schedule-I,,,
Locustella thoracica,Least Concern,Schedule-II,,Appendix II,
Locustella mandelli,Least Concern,Schedule-II,,Appendix II,
Schoenicola platyurus,Vulnerable,Schedule-I,,,
Schoenicola striatus,Vulnerable,Schedule-I,,,
Megalurus palustris,Least Concern,Schedule-II,,,
Pnoepyga albiventer,Least Concern,Schedule-II,,,
Pnoepyga immaculata,Least Concern,Schedule-II,,,
Pnoepyga pusilla,Least Concern,Schedule-II,,,
Riparia chinensis,Least Concern,Schedule-II,,,
Riparia riparia,Least Concern,Schedule-II,,,
Riparia diluta,Least Concern,Schedule-II,,,
Ptyonoprogne rupestris,Least Concern,Schedule-II,,,
Ptyonoprogne concolor,Least Concern,Schedule-II,,,
Hirundo domicola,Not recognized,Schedule-II,,,
Hirundo tahitica,Least Concern,Schedule-II,,,
Hirundo rustica,Least Concern,Schedule-II,,,
Hirundo smithii,Least Concern,Schedule-II,,,
Delichon urbicum,Least Concern,Schedule-II,,,
Delichon lagopodum,Least Concern,Recent addition,,,
Delichon dasypus,Least Concern,Schedule-II,,,
Delichon nipalense,Least Concern,Schedule-II,,,
Cecropis daurica,Least Concern,Schedule-II,,,
Cecropis striolata,Not recognized,Schedule-II,,,
Petrochelidon fluvicola,Least Concern,Schedule-II,,,
Alophoixus flaveolus,Least Concern,Schedule-II,,,
Alcurus striatus,Least Concern,Schedule-II,,,
Iole cacharensis,Not recognized,Schedule-II,,,
Iole propinqua,Least Concern,Recent addition,,,
Hemixos flavala,Least Concern,Schedule-II,,,
Acritillas indica,Least Concern,Schedule-II,,,
Ixos mcclellandii,Least Concern,Schedule-II,,,
Ixos nicobariensis,Near Threatened,Schedule-II,,,
Hypsipetes leucocephalus,Least Concern,Schedule-II,,,
Hypsipetes ganeesa,Least Concern,Schedule-II,,,
Microtarsus priocephalus,Near Threatened,Schedule-II,,,
Microtarsus melanocephalos,Least Concern,Schedule-II,,,
Microtarsus fuscoflavescens,Least Concern,Schedule-II,,,
Rubigula flaviventris,Least Concern,Schedule-II,,,
Rubigula gularis,Least Concern,Schedule-II,,,
Spizixos canifrons,Least Concern,Schedule-II,,,
Pycnonotus luteolus,Least Concern,Schedule-II,,,
Pycnonotus flavescens,Least Concern,Schedule-II,,,
Pycnonotus xantholaemus,Vulnerable,Schedule-II,,,
Pycnonotus jocosus,Least Concern,Schedule-II,,,
Pycnonotus cafer,Least Concern,Schedule-II,,,
Pycnonotus leucotis,Least Concern,Schedule-II,,,
Pycnonotus leucogenys,Least Concern,Schedule-II,,,
Phylloscopus sibilatrix,Least Concern,Schedule-II,,Appendix II,
Phylloscopus maculipennis,Least Concern,Schedule-II,,Appendix II,
Phylloscopus pulcher,Least Concern,Schedule-II,,Appendix II,
Phylloscopus inornatus,Least Concern,Schedule-II,,Appendix II,
Phylloscopus humei,Least Concern,Schedule-II,,Appendix II,
Phylloscopus subviridis,Least Concern,Schedule-II,,Appendix II,
Phylloscopus yunnanensis,Least Concern,Schedule-II,,Appendix II,
Phylloscopus proregulus,Least Concern,Recent addition,,Appendix II,
Phylloscopus chloronotus,Least Concern,Schedule-II,,Appendix II,
Phylloscopus forresti,Least Concern,Schedule-II,,Appendix II,
Phylloscopus tytleri,Least Concern,Schedule-II,,Appendix II,
Phylloscopus griseolus,Least Concern,Schedule-II,,Appendix II,
Phylloscopus affinis,Least Concern,Schedule-II,,Appendix II,
Phylloscopus fuscatus,Least Concern,Schedule-II,,Appendix II,
Phylloscopus fuligiventer,Least Concern,Schedule-II,,Appendix II,
Phylloscopus neglectus,Least Concern,Schedule-II,,Appendix II,
Phylloscopus subaffinis,Least Concern,Schedule-II,,Appendix II,
Phylloscopus trochilus,Least Concern,Schedule-II,,Appendix II,
Phylloscopus sindianus,Least Concern,Schedule-II,,Appendix II,
Phylloscopus collybita,Least Concern,Schedule-II,,Appendix II,
Phylloscopus intermedius,Least Concern,Schedule-II,,,
Phylloscopus poliogenys,Least Concern,Schedule-II,,,
Phylloscopus burkii,Least Concern,Schedule-II,,,
Phylloscopus tephrocephalus,Least Concern,Schedule-II,,,
Phylloscopus whistleri,Least Concern,Schedule-II,,,
Phylloscopus nitidus,Least Concern,Schedule-II,,Appendix II,
Phylloscopus trochiloides,Least Concern,Schedule-II,,Appendix II,
Phylloscopus plumbeitarsus,Least Concern,Schedule-II,,Appendix II,
Phylloscopus magnirostris,Least Concern,Schedule-II,,Appendix II,
Phylloscopus tenellipes,Least Concern,Schedule-II,,Appendix II,
Phylloscopus borealoides,Least Concern,Schedule-II,,Appendix II,
Phylloscopus borealis,Least Concern,Schedule-II,,Appendix II,
Phylloscopus castaniceps,Least Concern,Schedule-II,,,
Phylloscopus cantator,Least Concern,Schedule-II,,Appendix II,
Phylloscopus occipitalis,Least Concern,Schedule-II,,Appendix II,
Phylloscopus reguloides,Least Concern,Schedule-II,,Appendix II,
Phylloscopus claudiae,Least Concern,Schedule-II,,Appendix II,
Phylloscopus xanthoschistos,Least Concern,Schedule-II,,,
Hemitesia pallidipes,Least Concern,Schedule-II,,,
Urosphena squameiceps,Least Concern,Schedule-II,,Appendix II,
Tesia cyaniventer,Least Concern,Schedule-II,,,
Tesia olivea,Least Concern,Schedule-II,,,
Cettia major,Least Concern,Schedule-II,,,
Cettia brunnifrons,Least Concern,Schedule-II,,,
Cettia castaneocoronata,Least Concern,Schedule-II,,,
Cettia cetti,Least Concern,Schedule-II,,Appendix II,
Abroscopus superciliaris,Least Concern,Schedule-II,,,
Abroscopus albogularis,Least Concern,Schedule-II,,,
Abroscopus schisticeps,Least Concern,Schedule-II,,,
Phyllergates cucullatus,Least Concern,Schedule-II,,,
Tickellia hodgsoni,Least Concern,Schedule-II,,,
Horornis canturians,Least Concern,Schedule-II,,Appendix II,
Horornis fortipes,Least Concern,Schedule-II,,,
Horornis brunnescens,Least Concern,Schedule-II,,,
Horornis flavolivaceus,Least Concern,Schedule-II,,,
Leptopoecile sophiae,Least Concern,Schedule-II,,,
Leptopoecile elegans,Least Concern,Schedule-II,,,
Aegithalos leucogenys,Least Concern,Schedule-II,,,
Aegithalos concinnus,Least Concern,Schedule-II,,,
Aegithalos niveogularis,Least Concern,Schedule-II,,,
Aegithalos iouschistos,Least Concern,Schedule-II,,,
Sylvia atricapilla,Least Concern,Recent addition,,Appendix II,
Sylvia borin,Least Concern,Schedule-II,,Appendix II,
Curruca nisoria,Least Concern,Schedule-II,,Appendix II,
Curruca curruca,Least Concern,Schedule-II,,Appendix II,
Curruca crassirostris,Least Concern,Schedule-II,,Appendix II,
Curruca nana,Least Concern,Schedule-II,,Appendix II,
Curruca communis,Least Concern,Schedule-II,,Appendix II,
Myzornis pyrrhoura,Least Concern,Schedule-II,,,
Lioparus chrysotis,Least Concern,Schedule-II,,,
Chrysomma sinense,Least Concern,Schedule-II,,,
Chrysomma altirostre,Vulnerable,Schedule-I,,,
Fulvetta ludlowi,Least Concern,Schedule-II,,,
Fulvetta vinipectus,Least Concern,Schedule-II,,,
Fulvetta manipurensis,Least Concern,Schedule-II,,,
Paradoxornis flavirostris,Vulnerable,Schedule-I,,,
Paradoxornis guttaticollis,Least Concern,Schedule-II,,,
Conostoma aemodium,Least Concern,Schedule-II,,,
Cholornis unicolor,Least Concern,Schedule-II,,,
Psittiparus gularis,Least Concern,Schedule-II,,,
Psittiparus ruficeps,Least Concern,Schedule-II,,,
Psittiparus bakeri,Least Concern,Schedule-II,,,
Suthora fulvifrons,Least Concern,Schedule-II,,,
Suthora nipalensis,Least Concern,Schedule-II,,,
Suthora atrosuperciliaris,Least Concern,Schedule-II,,,
Staphida castaniceps,Least Concern,Schedule-II,,,
Yuhina nigrimenta,Least Concern,Schedule-II,,,
Yuhina flavicollis,Least Concern,Schedule-II,,,
Yuhina bakeri,Least Concern,Schedule-II,,,
Yuhina gularis,Least Concern,Schedule-II,,,
Yuhina occipitalis,Least Concern,Schedule-II,,,
Zosterops erythropleurus,Least Concern,Schedule-II,,Appendix II,
Zosterops palpebrosus,Least Concern,Schedule-II,,,
Timalia pileata,Least Concern,Schedule-II,,,
Dumetia hyperythra,Least Concern,Schedule-II,,,
Dumetia atriceps,Least Concern,Schedule-II,,,
Mixornis gularis,Least Concern,Schedule-II,,,
Cyanoderma chrysaeum,Least Concern,Schedule-II,,,
Cyanoderma pyrrhops,Least Concern,Schedule-II,,,
Cyanoderma ruficeps,Least Concern,Schedule-II,,,
Cyanoderma ambiguum,Not recognized,Schedule-II,,,
Spelaeornis caudatus,Near Threatened,Schedule-II,,,
Spelaeornis badeigularis,Near Threatened,Schedule-I,,,
Spelaeornis troglodytoides,Least Concern,Schedule-I,,,
Spelaeornis chocolatinus,Vulnerable,Schedule-I,,,
Spelaeornis oatesi,Least Concern,Schedule-II,,,
Spelaeornis longicaudatus,Near Threatened,Schedule-I,,,
Pomatorhinus ferruginosus,Least Concern,Schedule-II,,,
Pomatorhinus phayrei,Least Concern,Schedule-II,,,
Pomatorhinus ochraceiceps,Least Concern,Schedule-II,,,
Pomatorhinus superciliaris,Least Concern,Schedule-II,,,
Pomatorhinus ruficollis,Least Concern,Schedule-II,,,
Pomatorhinus schisticeps,Least Concern,Schedule-II,,,
Pomatorhinus horsfieldii,Least Concern,Schedule-II,,,
Erythrogenys hypoleucos,Least Concern,Schedule-II,,,
Erythrogenys erythrogenys,Least Concern,Schedule-II,,,
Erythrogenys mcclellandi,Least Concern,Schedule-II,,,
Stachyris nigriceps,Least Concern,Schedule-II,,,
Stachyris humei,Near Threatened,Schedule-I,,,
Stachyris roberti,Near Threatened,Schedule-II,,,
Stachyris oglei,Near Threatened,Schedule-I,,,
Graminicola bengalensis,Near Threatened,Schedule-II,,,
Gampsorhynchus rufulus,Least Concern,Schedule-II,,,
Schoeniparus cinereus,Least Concern,Schedule-II,,,
Schoeniparus castaneceps,Least Concern,Schedule-II,,,
Schoeniparus rufogularis,Least Concern,Schedule-II,,,
Schoeniparus dubius,Least Concern,Schedule-II,,,
Pellorneum ruficeps,Least Concern,Schedule-II,,,
Pellorneum palustre,Vulnerable,Schedule-I,,,
Pellorneum albiventre,Least Concern,Schedule-II,,,
Pellorneum tickelli,Least Concern,Schedule-II,,,
Laticilla burnesii,Near Threatened,Schedule-I,,,
Laticilla cinerascens,Endangered,Schedule-I,,,
Malacocincla abbotti,Least Concern,Schedule-II,,,
Gypsophila brevicaudata,Least Concern,Schedule-II,,,
Napothera epilepidota,Least Concern,Schedule-II,,,
Napothera malacoptila,Least Concern,Schedule-II,,,
Alcippe poioicephala,Least Concern,Schedule-II,,,
Alcippe nipalensis,Least Concern,Schedule-II,,,
Grammatoptila striata,Least Concern,Schedule-II,,,
Cutia nipalensis,Least Concern,Schedule-II,,,
Trochalopteron subunicolor,Least Concern,Schedule-II,,,
Trochalopteron austeni,Least Concern,Schedule-I,,,
Trochalopteron squamatum,Least Concern,Schedule-II,,,
Trochalopteron lineatum,Least Concern,Schedule-II,,,
Trochalopteron imbricatum,Least Concern,Schedule-II,,,
Trochalopteron virgatum,Least Concern,Schedule-II,,,
Trochalopteron variegatum,Least Concern,Schedule-II,,,
Trochalopteron affine,Least Concern,Schedule-II,,,
Trochalopteron elliotii,Least Concern,Schedule-II,,,
Trochalopteron erythrocephalum,Least Concern,Schedule-II,,,
Trochalopteron chrysopterum,Least Concern,Schedule-II,,,
Montecincla jerdoni,Endangered,Schedule-I,,,
Montecincla cachinnans,Endangered,Schedule-I,,,
Montecincla fairbanki,Near Threatened,Schedule-II,,,
Montecincla meridionalis,Vulnerable,Schedule-I,,,
Heterophasia picaoides,Least Concern,Schedule-II,,,
Heterophasia capistrata,Least Concern,Schedule-II,,,
Heterophasia pulchella,Least Concern,Schedule-II,,,
Heterophasia gracilis,Least Concern,Schedule-II,,,
Actinodura nipalensis,Least Concern,Schedule-II,,,
Actinodura waldeni,Least Concern,Schedule-II,,,
Actinodura cyanouroptera,Least Concern,Schedule-II,,,
Actinodura strigula,Least Concern,Schedule-II,,,
Actinodura egertoni,Least Concern,Schedule-II,,,
Leiothrix lutea,Least Concern,Schedule-II,Appendix II,,
Leiothrix argentauris,Least Concern,Schedule-II,Appendix II,,
Minla ignotincta,Least Concern,Schedule-II,,,
Leioptila annectens,Least Concern,Schedule-II,,,
Liocichla bugunorum,Critically Endangered,Schedule-I,,,
Liocichla phoenicea,Least Concern,Schedule-II,,,
Argya malcolmi,Least Concern,Schedule-II,,,
Argya longirostris,Vulnerable,Schedule-I,,,
Argya subrufa,Least Concern,Schedule-II,,,
Argya striata,Least Concern,Schedule-II,,,
Argya affinis,Least Concern,Schedule-II,,,
Argya caudata,Least Concern,Schedule-II,,,
Argya earlei,Least Concern,Schedule-II,,,
Garrulax merulinus,Least Concern,Schedule-II,,,
Garrulax monileger,Least Concern,Schedule-II,,,
Garrulax leucolophus,Least Concern,Schedule-II,,,
Ianthocincla rufogularis,Least Concern,Schedule-II,,,
Ianthocincla cineracea,Least Concern,Schedule-I,,,
Ianthocincla ocellata,Least Concern,Schedule-II,,,
Pterorhinus delesserti,Least Concern,Schedule-II,,,
Pterorhinus gularis,Least Concern,Schedule-II,,,
Pterorhinus galbanus,Least Concern,Schedule-II,,,
Pterorhinus ruficollis,Least Concern,Schedule-II,,,
Pterorhinus nuchalis,Near Threatened,Schedule-I,,,
Pterorhinus sannio,Least Concern,Schedule-II,,,
Pterorhinus pectoralis,Least Concern,Schedule-II,,,
Pterorhinus woodi,Least Concern,Schedule-II,,,
Pterorhinus albogularis,Least Concern,Schedule-II,,,
Pterorhinus caerulatus,Least Concern,Schedule-I,,,
Regulus regulus,Least Concern,Schedule-II,,Appendix II,
Tichodroma muraria,Least Concern,Schedule-II,,,
Sitta leucopsis,Least Concern,Schedule-II,,,
Sitta formosa,Vulnerable,Schedule-I,,,
Sitta frontalis,Least Concern,Schedule-II,,,
Sitta yunnanensis,Least Concern,Schedule-II,,,
Sitta himalayensis,Least Concern,Schedule-II,,,
Sitta castanea,Least Concern,Schedule-II,,,
Sitta cinnamoventris,Least Concern,Schedule-II,,,
Sitta nagaensis,Least Concern,Schedule-II,,,
Sitta cashmirensis,Least Concern,Schedule-II,,,
Certhia hodgsoni,Least Concern,Schedule-II,,,
Certhia himalayana,Least Concern,Schedule-II,,,
Certhia nipalensis,Least Concern,Schedule-II,,,
Certhia discolor,Least Concern,Schedule-II,,,
Certhia manipurensis,Least Concern,Schedule-II,,,
Salpornis spilonota,Least Concern,Schedule-II,,,
Troglodytes troglodytes,Least Concern,Schedule-II,,,
Elachura formosa,Least Concern,Schedule-II,,,
Cinclus cinclus,Least Concern,Schedule-II,,,
Cinclus pallasii,Least Concern,Schedule-II,,,
Aplonis panayensis,Least Concern,Schedule-II,,,
Ampeliceps coronatus,Least Concern,Schedule-II,,,
Gracula religiosa,Least Concern,Schedule-I,Appendix II,,
Gracula indica,Least Concern,Schedule-I,Appendix II,,
Sturnus vulgaris,Least Concern,Schedule-II,,Appendix II,
Pastor roseus,Least Concern,Schedule-II,,Appendix II,
Agropsar sturninus,Least Concern,Schedule-II,,,
Agropsar philippensis,Least Concern,Schedule-II,,,
Gracupica contra,Least Concern,Schedule-II,,,
Sturnia sinensis,Least Concern,Recent addition,,,
Sturnia pagodarum,Least Concern,Schedule-II,,,
Sturnia malabarica,Least Concern,Schedule-II,,,
Sturnia blythii,Not recognized,Schedule-II,,,
Sturnia erythropygia,Least Concern,Schedule-II,,,
Spodiopsar sericeus,Least Concern,Schedule-II,,,
Spodiopsar cineraceus,Least Concern,Schedule-II,,,
Acridotheres tristis,Least Concern,Schedule-II,,,
Acridotheres ginginianus,Least Concern,Schedule-II,,,
Acridotheres fuscus,Least Concern,Schedule-II,,,
Acridotheres albocinctus,Least Concern,Schedule-II,,,
Acridotheres grandis,Least Concern,Schedule-II,,,
Saroglossa spilopterus,Least Concern,Schedule-II,,Appendix II,
Grandala coelicolor,Least Concern,Schedule-II,,,
Zoothera dixoni,Least Concern,Schedule-II,,Appendix II,
Zoothera mollissima,Least Concern,Schedule-II,,Appendix II,
Zoothera salimalii,Least Concern,Schedule-II,,Appendix II,
Zoothera marginata,Least Concern,Schedule-II,,,
Zoothera monticola,Least Concern,Schedule-II,,,
Zoothera aurea,Least Concern,Recent addition,,Appendix II,
Zoothera dauma,Least Concern,Schedule-II,,Appendix II,
Zoothera neilgherriensis,Not recognized,Schedule-I,,,
Cochoa purpurea,Least Concern,Schedule-II,,,
Cochoa viridis,Least Concern,Schedule-II,,,
Geokichla sibirica,Least Concern,Schedule-II,,Appendix II,
Geokichla wardii,Least Concern,Schedule-II,,Appendix II,
Geokichla citrina,Least Concern,Schedule-II,,Appendix II,
Turdus mupinensis,Least Concern,Schedule-II,,,
Turdus viscivorus,Least Concern,Schedule-II,,Appendix II,
Turdus philomelos,Least Concern,Schedule-II,,Appendix II,
Turdus mandarinus,Least Concern,Recent addition,,Appendix II,
Turdus boulboul,Least Concern,Schedule-II,,,
Turdus simillimus,Least Concern,Schedule-II,,,
Turdus cardis,Least Concern,Schedule-II,,Appendix II,
Turdus unicolor,Least Concern,Schedule-II,,Appendix II,
Turdus dissimilis,Least Concern,Schedule-II,,,
Turdus feae,Vulnerable,Schedule-II,,Appendix II,
Turdus obscurus,Least Concern,Schedule-II,,Appendix II,
Turdus kessleri,Least Concern,Schedule-II,,Appendix II,
Turdus maximus,Least Concern,Schedule-II,,Appendix II,
Turdus pilaris,Least Concern,Schedule-II,,Appendix II,
Turdus albocinctus,Least Concern,Schedule-II,,,
Turdus rubrocanus,Least Concern,Schedule-II,,Appendix II,
Turdus atrogularis,Least Concern,Schedule-II,,Appendix II,
Turdus ruficollis,Least Concern,Schedule-II,,Appendix II,
Turdus eunomus,Least Concern,Schedule-II,,Appendix II,
Turdus naumanni,Least Concern,Schedule-II,,Appendix II,
Muscicapa sibirica,Least Concern,Schedule-II,,Appendix II,
Muscicapa ferruginea,Least Concern,Schedule-II,,Appendix II,
Muscicapa dauurica,Least Concern,Schedule-II,,Appendix II,
Muscicapa muttui,Least Concern,Schedule-II,,Appendix II,
Muscicapa striata,Least Concern,Schedule-II,,Appendix II,
Cercotrichas galactotes,Least Concern,Schedule-II,,Appendix II,
Copsychus fulicatus,Least Concern,Schedule-II,,,
Copsychus saularis,Least Concern,Schedule-II,,,
Copsychus malabaricus,Least Concern,Schedule-II,Appendix I,,
Copsychus albiventris,Least Concern,Schedule-II,,,
Leucoptilon concretum,Least Concern,Schedule-II,,,
Sholicola major,Endangered,Schedule-I,,,
Sholicola albiventris,Vulnerable,Schedule-I,,,
Niltava grandis,Least Concern,Schedule-II,,,
Niltava macgrigoriae,Least Concern,Schedule-II,,,
Niltava sundara,Least Concern,Schedule-II,,,
Niltava oatesi,Least Concern,Schedule-II,,Appendix II,
Cyanoptila cyanomelana,Least Concern,Schedule-II,,Appendix II,
Cyanoptila cumatilis,Near Threatened,Schedule-II,,Appendix II,
Eumyias albicaudatus,Least Concern,Schedule-II,,,
Eumyias thalassinus,Least Concern,Schedule-II,,Appendix II,
Anthipes monileger,Least Concern,Schedule-II,,,
Cyornis pallidipes,Least Concern,Schedule-II,,,
Cyornis poliogenys,Least Concern,Schedule-II,,,
Cyornis unicolor,Least Concern,Schedule-II,,,
Cyornis rubeculoides,Least Concern,Schedule-II,,Appendix II,
Cyornis magnirostris,Near Threatened,Schedule-I,,Appendix II,
Cyornis whitei,Least Concern,Schedule-II,,,
Cyornis tickelliae,Least Concern,Schedule-II,,,
Cyornis nicobaricus,Near Threatened,Schedule-II,,,
Brachypteryx hyperythra,Near Threatened,Schedule-II,,,
Brachypteryx leucophris,Least Concern,Schedule-II,,,
Brachypteryx cruralis,Least Concern,Schedule-II,,,
Heteroxenicus stellatus,Least Concern,Schedule-II,,,
Larvivora brunnea,Least Concern,Schedule-II,,Appendix II,
Larvivora cyane,Least Concern,Schedule-II,,Appendix II,
Luscinia phaenicuroides,Least Concern,Schedule-II,,Appendix II,
Luscinia svecica,Least Concern,Schedule-II,,Appendix II,
Myophonus horsfieldii,Least Concern,Schedule-II,,,
Myophonus caeruleus,Least Concern,Schedule-II,,,
Enicurus scouleri,Least Concern,Schedule-II,,,
Enicurus leschenaulti,Least Concern,Schedule-II,,,
Enicurus maculatus,Least Concern,Schedule-II,,,
Enicurus immaculatus,Least Concern,Schedule-II,,,
Enicurus schistaceus,Least Concern,Schedule-II,,,
Calliope pectardens,Near Threatened,Schedule-II,,Appendix II,
Calliope calliope,Least Concern,Schedule-II,,Appendix II,
Calliope pectoralis,Least Concern,Schedule-II,,Appendix II,
Calliope tschebaiewi,Least Concern,Schedule-I,,Appendix II,
Myiomela leucura,Least Concern,Schedule-II,,,
Cinclidium frontale,Least Concern,Schedule-II,,,
Tarsiger cyanurus,Least Concern,Schedule-II,,Appendix II,
Tarsiger rufilatus,Least Concern,Schedule-II,,Appendix II,
Tarsiger hyperythrus,Least Concern,Schedule-II,,,
Tarsiger indicus,Least Concern,Schedule-II,,,
Tarsiger chrysaeus,Least Concern,Schedule-II,,,
Ficedula zanthopygia,Least Concern,Schedule-II,,Appendix II,
Ficedula mugimaki,Least Concern,Schedule-II,,Appendix II,
Ficedula erithacus,Least Concern,Schedule-II,,Appendix II,
Ficedula nigrorufa,Least Concern,Schedule-II,,,
Ficedula tricolor,Least Concern,Schedule-II,,Appendix II,
Ficedula hyperythra,Least Concern,Schedule-II,,Appendix II,
Ficedula hodgsoni,Least Concern,Schedule-II,,,
Ficedula strophiata,Least Concern,Schedule-II,,Appendix II,
Ficedula sapphira,Least Concern,Schedule-II,,,
Ficedula westermanni,Least Concern,Schedule-II,,Appendix II,
Ficedula superciliaris,Least Concern,Schedule-II,,Appendix II,
Ficedula ruficauda,Least Concern,Schedule-II,,Appendix II,
Ficedula albicilla,Least Concern,Schedule-II,,Appendix II,
Ficedula subrubra,Vulnerable,Schedule-I,,Appendix II,
Ficedula parva,Least Concern,Schedule-II,,Appendix II,
Phoenicurus frontalis,Least Concern,Schedule-II,,Appendix II,
Phoenicurus fuliginosus,Least Concern,Schedule-II,,,
Phoenicurus erythronotus,Least Concern,Schedule-II,,Appendix II,
Phoenicurus leucocephalus,Least Concern,Schedule-II,,Appendix II,
Phoenicurus coeruleocephala,Least Concern,Schedule-II,,Appendix II,
Phoenicurus phoenicurus,Least Concern,Schedule-II,,Appendix II,
Phoenicurus hodgsoni,Least Concern,Schedule-II,,Appendix II,
Phoenicurus schisticeps,Least Concern,Schedule-II,,,
Phoenicurus erythrogastrus,Least Concern,Schedule-II,,Appendix II,
Phoenicurus ochruros,Least Concern,Schedule-II,,Appendix II,
Phoenicurus auroreus,Least Concern,Schedule-II,,Appendix II,
Monticola rufiventris,Least Concern,Schedule-II,,,
Monticola cinclorhyncha,Least Concern,Schedule-II,,Appendix II,
Monticola saxatilis,Least Concern,Schedule-II,,Appendix II,
Monticola solitarius,Least Concern,Schedule-II,,Appendix II,
Saxicola rubetra,Least Concern,Recent addition,,Appendix II,
Saxicola macrorhynchus,Vulnerable,Schedule-II,,,
Saxicola insignis,Vulnerable,Schedule-I,,Appendix II,
Saxicola maurus,Not recognized,Schedule-II,,Appendix II,
Saxicola stejnegeri,Not recognized,Schedule-II,,Appendix II,
Saxicola leucurus,Least Concern,Schedule-II,,,
Saxicola caprata,Least Concern,Schedule-II,,,
Saxicola jerdoni,Least Concern,Schedule-II,,,
Saxicola ferreus,Least Concern,Schedule-II,,Appendix II,
Oenanthe oenanthe,Least Concern,Schedule-II,,Appendix II,
Oenanthe isabellina,Least Concern,Schedule-II,,Appendix II,
Oenanthe deserti,Least Concern,Schedule-II,,Appendix II,
Oenanthe pleschanka,Least Concern,Schedule-II,,Appendix II,
Oenanthe fusca,Least Concern,Schedule-II,,,
Oenanthe picata,Least Concern,Schedule-II,,Appendix II,
Oenanthe albonigra,Least Concern,Schedule-II,,,
Oenanthe finschii,Least Concern,Schedule-II,,Appendix II,
Oenanthe chrysopygia,Least Concern,Schedule-II,,Appendix II,
Bombycilla garrulus,Least Concern,Schedule-II,,,
Hypocolius ampelinus,Least Concern,Schedule-II,,,
Dicaeum agile,Least Concern,Schedule-II,,,
Dicaeum chrysorrheum,Least Concern,Schedule-II,,,
Dicaeum melanozanthum,Least Concern,Schedule-II,,,
Dicaeum erythrorhynchos,Least Concern,Schedule-II,,,
Dicaeum concolor,Least Concern,Schedule-II,,,
Dicaeum minullum,Least Concern,Schedule-II,,,
Dicaeum virescens,Not recognized,Schedule-II,,,
Dicaeum ignipectus,Least Concern,Schedule-II,,,
Dicaeum cruentatum,Least Concern,Schedule-II,,,
Chalcoparia singalensis,Least Concern,Schedule-II,,,
Leptocoma zeylonica,Least Concern,Schedule-II,,,
Leptocoma minima,Least Concern,Schedule-II,,,
Leptocoma brasiliana,Least Concern,Schedule-II,,,
Cinnyris asiaticus,Least Concern,Schedule-II,,,
Cinnyris ornatus,Least Concern,Schedule-II,,,
Cinnyris lotenius,Least Concern,Schedule-II,,,
Aethopyga ignicauda,Least Concern,Schedule-II,,,
Aethopyga saturata,Least Concern,Schedule-II,,,
Aethopyga gouldiae,Least Concern,Schedule-II,,,
Aethopyga nipalensis,Least Concern,Schedule-II,,,
Aethopyga vigorsii,Least Concern,Schedule-II,,,
Aethopyga siparaja,Least Concern,Schedule-II,,,
Arachnothera longirostra,Least Concern,Schedule-II,,,
Arachnothera magna,Least Concern,Schedule-II,,,
Irena puella,Least Concern,Schedule-II,,,
Chloropsis moluccensis,Least Concern,Schedule-II,,,
Chloropsis jerdoni,Least Concern,Schedule-II,,,
Chloropsis aurifrons,Least Concern,Schedule-II,,,
Chloropsis hardwickii,Least Concern,Schedule-II,,,
Ploceus manyar,Least Concern,Schedule-II,,,
Ploceus philippinus,Least Concern,Schedule-II,,,
Ploceus megarhynchus,Endangered,Schedule-I,,,
Ploceus benghalensis,Least Concern,Schedule-II,,,
Euodice malabarica,Least Concern,Schedule-II,,,
Lonchura punctulata,Least Concern,Schedule-II,,,
Lonchura kelaarti,Least Concern,Schedule-II,,,
Lonchura striata,Least Concern,Schedule-II,,,
Lonchura malacca,Least Concern,Schedule-II,,,
Lonchura atricapilla,Least Concern,Schedule-II,,,
Amandava formosa,Vulnerable,Schedule-I,Appendix II,,
Amandava amandava,Least Concern,Schedule-II,,,
Prunella collaris,Least Concern,Schedule-II,,,
Prunella himalayana,Least Concern,Schedule-II,,,
Prunella rubeculoides,Least Concern,Schedule-II,,,
Prunella strophiata,Least Concern,Schedule-II,,,
Prunella fulvescens,Least Concern,Schedule-II,,,
Prunella atrogularis,Least Concern,Schedule-II,,,
Prunella immaculata,Least Concern,Schedule-II,,,
Passer domesticus,Least Concern,Schedule-II,,,
Passer hispaniolensis,Least Concern,Schedule-II,,,
Passer pyrrhonotus,Least Concern,Schedule-II,,,
Passer cinnamomeus,Least Concern,Schedule-II,,,
Passer montanus,Least Concern,Schedule-II,,,
Gymnoris xanthocollis,Least Concern,Schedule-II,,,
Petronia petronia,Least Concern,Schedule-II,,,
Carpospiza brachydactyla,Least Concern,Schedule-II,,,
Montifringilla adamsi,Least Concern,Schedule-II,,,
Onychostruthus taczanowskii,Least Concern,Schedule-II,,,
Pyrgilauda ruficollis,Least Concern,Schedule-II,,,
Pyrgilauda blanfordi,Least Concern,Schedule-II,,,
Dendronanthus indicus,Least Concern,Schedule-I,,Appendix II,
Motacilla cinerea,Least Concern,Schedule-II,,Appendix II,
Motacilla flava,Least Concern,Schedule-II,,Appendix II,
Motacilla tschutschensis,Least Concern,Schedule-II,,Appendix II,
Motacilla citreola,Least Concern,Schedule-II,,Appendix II,
Motacilla maderaspatensis,Least Concern,Schedule-II,,,
Motacilla alba,Least Concern,Schedule-II,,Appendix II,
Anthus richardi,Least Concern,Schedule-II,,Appendix II,
Anthus rufulus,Least Concern,Schedule-II,,,
Anthus similis,Least Concern,Schedule-II,,,
Anthus godlewskii,Least Concern,Schedule-II,,Appendix II,
Anthus campestris,Least Concern,Schedule-II,,Appendix II,
Anthus nilghiriensis,Vulnerable,Schedule-I,,,
Anthus sylvanus,Least Concern,Schedule-II,,Appendix II,
Anthus pratensis,Least Concern,Schedule-II,,Appendix II,
Anthus roseatus,Least Concern,Schedule-II,,Appendix II,
Anthus trivialis,Least Concern,Schedule-II,,Appendix II,
Anthus hodgsoni,Least Concern,Schedule-II,,Appendix II,
Anthus cervinus,Least Concern,Schedule-II,,Appendix II,
Anthus spinoletta,Least Concern,Schedule-II,,Appendix II,
Anthus rubescens,Least Concern,Schedule-II,,Appendix II,
Fringilla coelebs,Least Concern,Schedule-II,,,
Fringilla montifringilla,Least Concern,Schedule-II,,,
Mycerobas icterioides,Least Concern,Schedule-II,,,
Mycerobas affinis,Least Concern,Schedule-II,,,
Mycerobas melanozanthos,Least Concern,Schedule-II,,,
Mycerobas carnipes,Least Concern,Schedule-II,,,
Coccothraustes coccothraustes,Least Concern,Schedule-II,,,
Carpodacus erythrinus,Least Concern,Schedule-II,,,
Carpodacus sipahi,Least Concern,Schedule-II,,,
Carpodacus grandis,Not recognized,Schedule-II,,,
Carpodacus pulcherrimus,Least Concern,Schedule-II,,,
Carpodacus waltoni,Least Concern,Schedule-II,,,
Carpodacus edwardsii,Least Concern,Schedule-II,,,
Carpodacus rodochroa,Least Concern,Schedule-II,,,
Carpodacus rodopeplus,Least Concern,Schedule-II,,,
Carpodacus vinaceus,Least Concern,Schedule-II,,,
Carpodacus stoliczkae,Least Concern,Schedule-II,,,
Carpodacus sillemi,Data Deficient,Schedule-II,,,
Carpodacus rubicilloides,Least Concern,Schedule-II,,,
Carpodacus rubicilla,Least Concern,Schedule-II,,,
Carpodacus puniceus,Least Concern,Schedule-II,,,
Carpodacus subhimachalus,Least Concern,Schedule-II,,,
Carpodacus trifasciatus,Least Concern,Schedule-II,,,
Carpodacus thura,Least Concern,Schedule-II,,,
Carpodacus dubius,Least Concern,Schedule-II,,,
Pyrrhula nipalensis,Least Concern,Schedule-II,,,
Pyrrhula aurantiaca,Least Concern,Schedule-II,,,
Pyrrhula erythrocephala,Least Concern,Schedule-II,,,
Pyrrhula erythaca,Least Concern,Schedule-II,,,
Rhodopechys sanguineus,Least Concern,Schedule-II,,,
Bucanetes githagineus,Least Concern,Schedule-II,,,
Bucanetes mongolicus,Least Concern,Schedule-II,,,
Agraphospiza rubescens,Least Concern,Schedule-II,,,
Pyrrhoplectes epauletta,Least Concern,Schedule-II,,,
Callacanthis burtoni,Least Concern,Schedule-II,,,
Procarduelis nipalensis,Least Concern,Schedule-II,,,
Leucosticte nemoricola,Least Concern,Schedule-II,,,
Leucosticte brandti,Least Concern,Schedule-II,,,
Rhodospiza obsoleta,Least Concern,Schedule-II,,,
Chloris spinoides,Least Concern,Schedule-II,,,
Chloris ambigua,Least Concern,Schedule-II,,,
Linaria flavirostris,Least Concern,Schedule-II,,,
Linaria cannabina,Least Concern,Schedule-II,,,
Loxia curvirostra,Least Concern,Schedule-II,,,
Carduelis carduelis,Least Concern,Schedule-II,,,
Serinus pusillus,Least Concern,Schedule-II,,,
Spinus thibetanus,Least Concern,Schedule-II,,,
Spinus spinus,Least Concern,Schedule-II,,,
Calcarius lapponicus,Least Concern,Recent addition,,,
Emberiza lathami,Least Concern,Schedule-II,,,
Emberiza melanocephala,Least Concern,Schedule-II,,,
Emberiza bruniceps,Least Concern,Schedule-II,,,
Emberiza fucata,Least Concern,Schedule-II,,,
Emberiza cia,Least Concern,Schedule-II,,,
Emberiza godlewskii,Least Concern,Schedule-II,,,
Emberiza cioides,Least Concern,Recent addition,,,
Emberiza stewarti,Least Concern,Schedule-II,,,
Emberiza citrinella,Least Concern,Schedule-II,,,
Emberiza leucocephalos,Least Concern,Schedule-II,,,
Emberiza buchanani,Least Concern,Schedule-II,,,
Emberiza hortulana,Least Concern,Schedule-II,,,
Emberiza striolata,Least Concern,Schedule-II,,,
Emberiza schoeniclus,Least Concern,Schedule-II,,,
Emberiza aureola,Critically Endangered,Schedule-I,,Appendix I,
Emberiza pusilla,Least Concern,Schedule-II,,,
Emberiza rustica,Vulnerable,Schedule-II,,,
Emberiza spodocephala,Least Concern,Schedule-II,,,
Emberiza rutila,Least Concern,Schedule-II,,,
Emberiza chrysophrys,Least Concern,Schedule-II,,,
Emberiza tristrami,Least Concern,Schedule-II,,,
